id,level,parent,name_th,name_roman,name_en,class,class_th,resident,upkeep,provenance_sensitivity,form,materials,functions,region,wat_th,maker_th,era_en,what_th,what_en,listings,median_thb,image,image_license,url,json,confidence,updated
ai-khai,kind,,ไอ้ไข่,ai khai,Ai Khai (the temple boy of Wat Chedi),,ยังไม่ชี้ขาด,,,,figure,nuea_loha|thonglueang|nuea_din,chok_lap|khum_khrong,th-south|th,วัดเจดีย์ (ไอ้ไข่) ตำบลฉลอง อำเภอสิชล จังหวัดนครศรีธรรมราช,รูปไม้ทองหลางแกะโดยผู้ใหญ่เที่ยงก่อน พ.ศ. ๒๕๒๕ · รูปไม้ตะเคียนแกะ พ.ศ. ๒๕๒๔–๒๕๒๕ · วัตถุมงคลรุ่นแรกออกโดยเจ้าอาวาส พ.ศ. ๒๕๒๖,"Carvings before 1982, first run 1983; the national wave is the 2020s and the trade counts it the biggest since Jatukham",วิญญาณเด็กวัดเจดีย์ อำเภอสิชล กระแสศรัทธาใหญ่ที่สุดนับแต่จตุคาม ขอเรื่องหวยแล้วแก้บนด้วยประทัดและของเล่นทหาร วัตถุมงคลเป็นพาหะของศรัทธา การรักษาคำบนคือการเลี้ยง,"The boy-spirit of Wat Chedi in Sichon, the biggest devotional wave since Jatukham — asked for lottery luck and repaid in firecrackers and toy soldiers. The amulet carries the devotion; the vow-keeping is the keeping.",409,78.21,ai-khai/ai-khai-wat-ai-khai-1-777571.jpg,CC BY-SA 4.0,https://wichaa.net/amulets/kind/ai-khai/,https://wichaa.net/amulets/api/kind/ai-khai.json,medium,2026-09-02
bat-quai,kind,,กระจกยันต์แปดทิศ,bát quái,Bagua mirror,yantra_wattu,วัตถุมงคล (ยันต์),none,none,low,other,,khum_khrong,vn|diaspora,,ร้านฮวงจุ้ยและโรงงาน ไม่ผูกวัด,The trigrams are attributed in legend to Fuxi; the door mirror as an inexpensive self-administered remedy is modern and undated in the sources,กระจกในกรอบแปดเหลี่ยมมีตรีลักษณ์ ๘ ล้อม แขวนเหนือประตูด้านนอกหันออกเพื่อสะท้อนสิ่งไม่ดี ไม่ใช่ของใส่ตัว เวียดนามเรียก gương bát quái ไทยเรียกกระจกยันต์แปดทิศหรือโป๊ยข่วย พลังอยู่ที่แผนภาพ ไม่มีผู้สถิต,"A mirror in an octagonal frame of the eight trigrams, hung outside above the door and facing away, to turn back harmful qi from a road or a building edge. Not worn, not venerated: an impersonal diagram doing a job at the threshold. Vietnamese gương bát quái, Thai กระจกยันต์แปดทิศ.",3,55.0,bat-quai/bat-quai-three-types-of-modern-bagua-mirror-talis-599dd4.jpg,CC0,https://wichaa.net/amulets/kind/bat-quai/,https://wichaa.net/amulets/api/kind/bat-quai.json,medium,2026-09-02
bia-kae,kind,,เบี้ยแก้,bia kae,Bia kae (warding cowrie),yantra_wattu,วัตถุมงคล (ยันต์),none,none,low,shell,takua,maha_ut|kan_phi|khum_khrong,th-central,วัดกลางบางแก้ว,ท่านเจ้าคุณพุทธวิถีนายก (หลวงปู่บุญ) ตามที่ตำราระบุ,"Undated treatise; the ascription is the treatise's, not verified here",หอยเบี้ยบรรจุปรอทผนึกไว้ ถักเชือกหรือหุ้มโลหะ เครื่องราง แก้ คลาสสิกที่หันภัยและคุณไสยออกไป ตำราในคลังนี้มีวิธีสร้างที่ระบุว่าเป็นของหลวงปู่บุญ วัดกลางบางแก้ว,A cowrie shell loaded with sealed mercury and bound in cord or foil — the classic 'undoer' that turns aside harm and bad medicine. The formulary in this corpus carries a making ascribed to Luang Pu Bun of Wat Klang Bang Kaew.,276,118.5,,,https://wichaa.net/amulets/kind/bia-kae/,https://wichaa.net/amulets/api/kind/bia-kae.json,high,2026-09-02
bo-min-gaung,kind,,โบมินกอง,Bo Min Gaung,Bo Min Gaung image (weikza saint),thep_thewada,เทพ / เทวดา,deva,veneration,medium,figure,,khum_khrong|khlaeo_khlat|chok_lap,mm,,,"Bo Min Gaung: born 2 May 1880 near Mount Popa, Kyaukpadaung Township; died 5 September 1952 at Mount Popa. Images are twentieth century onward.",รูปของโบมินกอง วิชชาผู้เป็นที่นับถือที่สุดของพม่ายุคใหม่ เกิดใกล้ภูเขาโปปา มรณภาพที่นั่นเมื่อ พ.ศ. ๒๔๙๕ ศิษย์เชื่อว่าท่านยังอยู่ ให้ความฝัน โชคลาภ และความคุ้มครอง จึงตั้งรูปไว้บนหิ้งและพกติดตัว,"Images of Bo Min Gaung, the most venerated weikza of modern Burmese Buddhism: born near Mount Popa in 1880, died there in 1952. Devotees hold that he did not die as others do, that he bestows dreams, wealth and protection, and his image sits on household altars and travels as a locket. A named being venerated through the object, which is what places it with the devas rather than with Buddha amulets.",,,bo-min-gaung/bo-min-gaung-bo-min-gaung-statue-at-shwedagon-pagoda-86d9f9.jpg,CC BY-SA 3.0,https://wichaa.net/amulets/kind/bo-min-gaung/,https://wichaa.net/amulets/api/kind/bo-min-gaung.json,medium,2026-09-02
bua,kind,,ยันต์กระดาษเวียดนาม,bùa,Vietnamese talisman (bùa),yantra_wattu,วัตถุมงคล (ยันต์),none,none,low,other,,khum_khrong|kan_phi,vn,,วัด (chùa) ศาลเจ้า (đền) พระสงฆ์ หรือหมอผี (thầy),Continuing practice; early-twentieth-century accounts describe them commonly given to children for health,เครื่องรางเวียดนาม คำว่า bùa ครอบคลุมยันต์กระดาษแบบจีน เหรียญยันต์ และ bùa hộ mệnh ที่พกติดตัว ส่วนใหญ่เป็นกระดาษเขียนอักษรจีนหรือโนม พับใส่ถุงผ้าห้อยคอ พลังอยู่ที่อักษรและพิธี ไม่มีผู้สถิต,"The Vietnamese talisman: a paper written with Chinese or Nôm characters and talismanic strokes, folded into a cloth pouch and worn, or pasted in the house. The word bùa also covers coin charms, jade and metal pieces, and spoken spells; power sits in the writing and the rite, nobody is home.",,,bua/bua-b-a-b-nh-an-c-u-c-ch-a-t-i-ng-h-n-m-2016-5ff425.jpg,CC BY-SA 4.0,https://wichaa.net/amulets/kind/bua/,https://wichaa.net/amulets/api/kind/bua.json,medium,2026-09-02
cha-ping,kind,,จะปิ้ง,cha ping,Cha ping (child's modesty plate),,ยังไม่ชี้ขาด,,,,other,kala|ngoen|naak|thongkham,khum_khrong,th|my|id,,ช่างทอง ช่างเงินตามฐานะครอบครัว,Attested from the Srivijaya centuries through early Bangkok; museum examples bought in Bangkok in 1887; rare on children today,แผ่นปิดของลับสำหรับเด็กเล็ก ผูกเชือกคาดเอว ทำจากทองเหลือง เงิน นาก ทอง หรือกะลา รูปหัวใจหรือใบไม้สำหรับเด็กหญิง โล่สำหรับเด็กชาย พิพิธภัณฑ์สตอกโฮล์มที่ซื้อจากบางกอกใน พ.ศ. ๒๔๓๐ จดว่าเป็น “เครื่องราง”,"A child's modesty plate worn on a waist cord — brass, silver, nak, gold or coconut shell; heart or leaf for girls, shield for boys. The Stockholm museum that bought a set in Bangkok in 1887 catalogued them as amulets, and the Thai article notes the Tamil cousin is a talisman against spirits.",0,,cha-ping/cha-ping-museum-prydnad-girls-heart-form-267065.jpg,CC0,https://wichaa.net/amulets/kind/cha-ping/,https://wichaa.net/amulets/api/kind/cha-ping.json,medium,2026-09-03
chan-mak,kind,,ฉันหมาก,chan mak,Chan mak (a monk's chewed betel quid),phra_khrueang,พระเครื่อง,none,none,low,natural,nuea_phong,metta_maha_niyom|khum_khrong,th,ไม่มีวัดเดียว · วิกิพีเดียไทย: วัดจันทาวาส ตำบลท่าทอง อำเภอกาญจนดิษฐ์ สุราษฎร์ธานี (พระครูคลาย คนฺธสุธมฺโม) · วัดราชโยธา กรุงเทพฯ (หลวงปู่ทอง อายะนะ) · วัดชำปะง่าม (สมเด็จชานหมาก),พระเกจิที่ฉันหมาก ผู้ใดก็ได้ที่ศิษย์เก็บชานหมากของท่านไว้ การ์ดอ้างอิงเอ่ยหลวงปู่สี และหลวงพ่อทบ ว่าราคาสูงสุด,"Betel chewing was campaigned against from 1940 and faded from the cities, so the supply is mostly monks of that generation and rural elders since — an inference from the betel article, not a dated claim",ชานหมากที่พระเกจิผู้เป็นที่เคารพเคี้ยวเอง ตากแห้งเก็บไว้ — พระธาตุจากร่างกายในความหมายตรงที่สุด ราคาในตลาดเป็นไปตามนั้น พลังคือบารมีของท่าน การเลี้ยงคือความเคารพธรรมดา,"A quid of betel a revered monk himself chewed, dried and kept — a bodily relic in the most literal sense, priced accordingly in the living market. Power is the master's barami; keeping is plain respect.",270,299.0,,,https://wichaa.net/amulets/kind/chan-mak/,https://wichaa.net/amulets/api/kind/chan-mak.json,medium,2026-09-02
chingchok-song-hang,kind,,จิ้งจกสองหาง,chingchok song hang,Two-tailed gecko,khong_thammachat,เครื่องรางธรรมชาติ,none,none,low,natural,,chok_lap|metta_maha_niyom,th,วัดโพธิ์รัตนาราม ราชบุรี (พระสมเด็จหลังจิ้งจกสองหาง พ.ศ. ๒๕๒๐),พระอธิการคง จิตตคโม (พระสมเด็จหลังจิ้งจก),The belief is undated folk knowledge; one named issue is 1977,จิ้งจกบ้านที่หางงอกใหม่เป็นสองแฉก ถือเป็นของหายากตามธรรมชาติ เก็บแห้งไว้เพื่อโชคลาภเมตตา ไม่ต้องเสก ไม่ต้องเลี้ยง ของแกะเลียนแบบมีมาก,"A house gecko whose regrown tail forked in two, kept dried as a natural rarity for luck and favour. Nothing conferred and nothing to feed; carved imitations far outnumber the real thing.",2,279.0,chingchok-song-hang/chingchok-song-hang-two-tailed-lizard-9b48cc.jpg,CC BY-SA 3.0,https://wichaa.net/amulets/kind/chingchok-song-hang/,https://wichaa.net/amulets/api/kind/chingchok-song-hang.json,medium,2026-09-02
chuchok,kind,,ชูชก,chuchok,Chuchok (the beggar of the Vessantara Jataka),,ยังไม่ชี้ขาด,,,,figure,nuea_loha|thonglueang,kha_khai|chok_lap|metta_maha_niyom,th-central|th,ไม่มีวัดต้นกำเนิดเดียว · วิกิพีเดียไทยเอ่ยถึงมณฑปพ่อปู่ชูชกและรูปชูชก “ใหญ่ที่สุดในโลก” ที่วัดป้อมรามัญ ตำบลสวนพริก อยุธยา,หลายวัดหลายเกจิ ไม่มีผู้สร้างต้นแบบ,"The character is canonical — kan 5 of the thirteen kan of the Maha Wessandon Jataka is his. The charm is modern; the trade treats it as a recent devotion, and no dated first issue is named here",พราหมณ์ขอทานผู้ไม่รู้จักเหนื่อยในชาดก คนขายและคนขอพกไว้ด้วยตรรกะว่าไม่มีใครเคยปฏิเสธเขา เป็นศรัทธาของตลาด ทั้งรูปบูชาและจี้ห้อยคอ,"The jataka's tireless beggar, carried by sellers and askers on the logic that no one ever refused him. A statue-and-pendant devotion of the marketplace.",8,104.0,chuchok/chuchok-jpg-827e99.jpg,CC BY 4.0,https://wichaa.net/amulets/kind/chuchok/,https://wichaa.net/amulets/api/kind/chuchok.json,medium,2026-09-02
dat-lone,kind,,ลูกแก้วธาตุ,dat-lone,Dat-lone (weikza alchemical ball),,ยังไม่ชี้ขาด,,,,bead,nuea_loha,khong_kraphan|khlaeo_khlat|khum_khrong,mm,,วิชชาสายปรอทและสายเหล็ก,Undated; the weikza movement as now known is placed in the Konbaung period,ลูกกลมโลหะที่วิชชาพม่าหุงขึ้นจากปรอทหรือเหล็ก เชื่อกันว่าเมื่อสำเร็จจะให้คงกระพัน อายุยืน และเป็นบันไดสู่ความเป็นวิชชา เป็นคู่เทียบของเหล็กไหลไทย แต่เหล็กไหลเป็นของที่ไปเอามา ส่วนดั๊ตโลนเป็นของที่ทำขึ้น,"The alchemical ball of the Burmese weikza tradition: mercury or iron fired through the stages until it is held to be finished. Carried for invulnerability and long life, and for the adept a step toward becoming a weikza. The Burmese counterpart of Thai lek lai — but lek lai is fetched from a cave and a dat-lone is made in a fire.",,,dat-lone/dat-lone-burmese-weizzas-453b93.jpg,CC BY-SA 4.0,https://wichaa.net/amulets/kind/dat-lone/,https://wichaa.net/amulets/api/kind/dat-lone.json,low,2026-09-02
fu-talisman,kind,,ยันต์ฮู้จีน,fu,Taoist paper talisman (fu),yantra_wattu,วัตถุมงคล (ยันต์),none,none,low,other,,khum_khrong|kan_phi,diaspora|th|my|sg,,ดาวสือ (道士) หรือหมอพิธี (法師) และศาลเจ้าจีน,Han-dynasty fu survive on bamboo slips; the practice is continuous,กระดาษเหลืองเขียนหมึกแดงหรือดำเป็นอักษรคำสั่งและเส้นยันต์ตามแบบเต๋า ประทับตรา ใช้ติดบ้าน พกติดตัว หรือเผาละลายน้ำดื่ม ศาลเจ้าจีนในไทย มาเลเซีย สิงคโปร์ออกให้ ไทยเรียกยันต์ฮู้จีน พลังอยู่ที่อักษรและตรา ไม่มีผู้สถิต,"The Taoist paper talisman: a yellow strip written in red or black with commands to spirits and asemic strokes, sealed, and then pasted over a door, carried folded, or burned into water and drunk. Chinese shrines in Thailand, Malaysia and Singapore issue them; Thai retail calls them ยันต์ฮู้จีน. Power in the writing and the seal, nobody home.",8,64.0,fu-talisman/fu-talisman-fulu-from-chao-pho-suea-shrine-in-bangko-a88fa6.jpg,CC BY-SA 4.0,https://wichaa.net/amulets/kind/fu-talisman/,https://wichaa.net/amulets/api/kind/fu-talisman.json,medium,2026-09-02
hanuman,kind,,หนุมาน,hanuman,Hanuman figure,thep_thewada,เทพ / เทวดา,deva,veneration,medium,figure,nuea_waan|nuea_loha|thonglueang,khong_kraphan|maha_ut|khlaeo_khlat|long_hon|sakot|thoi_khwam|maha_saneh|metta_maha_niyom,th,,ตำราสร้างหนุมาน 8 แบบ ใน ตำราสร้างเครื่องรางของขลัง (ms 6983) · ปัจจุบันหลายวัด,The Ramakien Hanuman of the Thai court tradition; the treatise is a nineteenth-to-twentieth-century compilation of older formulas (tradition),รูปหนุมาน ทหารเอกลิงเผือกของพระรามในรามเกียรติ์ ทำเป็นเครื่องราง ตำราเก่าให้แกะจากรากไม้หรือปั้นจากว่านแล้วอมไว้ในปาก ปัจจุบันเป็นรูปหล่อและเหรียญห้อยคอ,"A figure of Hanuman, Rama's white-monkey general of the Ramakien, made as a charm. The old treatise carves him from root or moulds him from herbs and has the bearer hold him in the mouth; today he is a cast figure or medallion at the neck.",35,129.0,hanuman/hanuman-036-hanuman-9190844478-ca147f.jpg,CC BY 2.0,https://wichaa.net/amulets/kind/hanuman/,https://wichaa.net/amulets/api/kind/hanuman.json,high,2026-09-02
hun-phayon,kind,,หุ่นพยนต์,hun phayon,Hun Payon (animated effigy),hun_phayon,หุ่นพยนต์,animated,veneration,medium,figure,nuea_din,khum_khrong|kan_phi,th-central|th,,ตำราสร้างเครื่องรางของขลัง (ไม่ระบุผู้แต่ง),Undated treatise; the practice is older than any surviving print of it,หุ่นรูปคน — ดิน ฟาง ผ้า หรือโลหะ — ที่ถูกปลุกด้วยยันต์และคาถาให้ทำหน้าที่เป็นผู้รับใช้หรือผู้เฝ้า ผู้อยู่ในหุ่นคือสิ่งที่ถูกบังคับให้ขยับ ไม่ใช่ผีที่มีชื่อหรือเทพที่บูชา จึงเป็นหมวดของตัวเอง,"An effigy — figure, cloth, or metal — animated by yantra and spell to act as a servant or guardian. The occupant is a compelled animation rather than a named ghost or venerated deva, which is what makes it its own class.",349,299.0,hun-phayon/hun-phayon-jpg-37450d.jpg,CC0,https://wichaa.net/amulets/kind/hun-phayon/,https://wichaa.net/amulets/api/kind/hun-phayon.json,high,2026-09-02
in-yantra,kind,,ยันต์พม่า,in,In (Burmese cabalistic square),yantra_wattu,วัตถุมงคล (ยันต์),none,none,low,cloth,pha_yan,khum_khrong|khlaeo_khlat|kan_phi|metta_maha_niyom,mm|shan,,ครูอิน (in-saya) และวิชชา (weikza) สายอิน,Undated; the weikza movement as now known is placed in the Konbaung period,ตารางยันต์ของพม่า เรียกว่า อิน แบ่งเป็นช่องใส่เลขและอักษร คำนวณจากวันเวลาเกิดของผู้รับ เขียนบนกระดาษหรือผ้า สลักบนโลหะ หรือสักลงบนผิว ถือกันว่าคุ้มครอง กันภัย และให้เมตตา,"The Burmese in: a cabalistic square whose cells hold numerals and letters, cast from the recipient's birth date and time by an in-saya or weikza of the in path. Drawn on paper or cloth, engraved on metal, or tattooed. The Burmese counterpart of the Thai yantra, with a grid where the Thai sheet has figures.",,,in-yantra/in-yantra-burmese-kinnara-and-three-headed-peacock-e8af8c.jpg,Public domain,https://wichaa.net/amulets/kind/in-yantra/,https://wichaa.net/amulets/api/kind/in-yantra.json,medium,2026-09-02
jade-buddha-burmese,kind,,พระหยกพม่า,kyauk sein hpaya,Burmese jadeite Buddha pendant,phra_khrueang,พระเครื่อง,none,none,low,figure,,khum_khrong|chok_lap|khlaeo_khlat,mm,,ช่างแกะหยกมัณฑะเลย์และตลาดหยก,"Stone from the Hpakant mines, Kachin State, 350 km north of Mandalay on the Uyu River; Chinese sources note Burmese jadeite from the 10th century",จี้พระพุทธรูปแกะจากหยกเจไดต์พม่า หินจากเหมืองผากันต์ในรัฐกะฉิ่น แกะและขายที่มัณฑะเลย์ ตลาดไทยขายในชื่อ 'หยกพม่าแท้' เรื่องสำคัญคือเนื้อหิน — เจไดต์หรือเนไฟรต์ ธรรมชาติหรือย้อม,"A Buddha pendant carved from Burmese jadeite: stone from the Hpakant mines in Kachin State, cut and traded in Mandalay, sold in Thailand as 'genuine Burma jade'. A Buddha image with nobody home; the whole question is the stone — jadeite or nephrite, untreated or bleached and dyed.",4,149.0,jade-buddha-burmese/jade-buddha-burmese-unfinished-jadeite-rock-with-jade-buddha-4d448f.jpg,CC BY-SA 3.0,https://wichaa.net/amulets/kind/jade-buddha-burmese/,https://wichaa.net/amulets/api/kind/jade-buddha-burmese.json,medium,2026-09-02
jatukham,kind,,จตุคามรามเทพ,chatukham ramthep,Jatukham Rammathep,thep_thewada,เทพ / เทวดา,deva,veneration,medium,medallion,nuea_phong|nuea_waan|nuea_loha,chok_lap|kha_khai|khum_khrong,th-south,วัดพระมหาธาตุวรมหาวิหาร นครศรีธรรมราช,พล.ต.ต. ขุนพันธรักษ์ราชเดช เป็นผู้มีบทบาทหลักในรุ่นแรก,First run 1987 (BE 2530) at the city-horoscope ceremony; the boom peaked in 2006–07 after Khun Phantharak's cremation,เหรียญกลมใหญ่รูปเทพผู้รักษาวัดพระมหาธาตุ นครศรีธรรมราช — ท้าวจตุคามและท้าวรามเทพ ภายหลังนับเป็นองค์เดียว กระแส พ.ศ. ๒๕๕๐ ทำให้เป็นวัตถุมงคลแห่งชาติชั่วคราว เป็นเทพที่บูชา ไม่ต้องเลี้ยง,"A large disc bearing the guardian devas of Wat Phra Mahathat, Nakhon Si Thammarat — Thao Jatukham and Thao Rammathep, later read as one being. The 2007 boom made it a national wealth phenomenon for a season; a deva venerated through the object, nothing to feed.",294,250.0,,,https://wichaa.net/amulets/kind/jatukham/,https://wichaa.net/amulets/api/kind/jatukham.json,high,2026-09-02
jimat,kind,,ยันต์มลายู,jimat,Jimat / azimat (Islamic-Malay written amulet),yantra_wattu,วัตถุมงคล (ยันต์),none,none,low,other,,khum_khrong|kan_phi|khong_kraphan|kha_khai|maha_saneh,my|id|sg,,โต๊ะครู / ดุกุน / กียาอี,Arrived with Islam in the Malay world; the paper-and-Arabic form is continuous with the ta'wiz of the wider Muslim world,เครื่องรางเขียนของโลกมลายู: กระดาษหรือผ้าจารอายะฮ์อัลกุรอาน พระนามพระเจ้า หรือตารางเลข พับเล็กพกติดตัว ผูกรถ หรือแขวนบ้าน พลังอยู่ที่ตัวเขียนและผู้เขียน ไม่มีผู้อยู่,"The written amulet of the Malay world: Quranic verses, names of God or a numbered square, set down in Arabic on paper or cloth by a teacher or bomoh, folded small and carried, tied to a vehicle or hung in a house. Power sits in the writing and the hand that wrote it; nobody is home.",,,jimat/jimat-baju-rajah-syirik-e81a39.jpg,CC BY-SA 4.0,https://wichaa.net/amulets/kind/jimat/,https://wichaa.net/amulets/api/kind/jimat.json,medium,2026-09-02
kala-ta-diao,kind,,กะลาตาเดียว,kala ta diao,One-eyed coconut shell,khong_thammachat,เครื่องรางธรรมชาติ,none,none,low,natural,kala,khum_khrong|chok_lap,th-central|th,วัดศีรษะทอง นครปฐม (ตามการ์ด),หลวงพ่อน้อย วัดศีรษะทอง (ตามการ์ด),,กะลามะพร้าวที่มีตาเดียวแทนที่จะมีสาม ของหายากตามธรรมชาติ ไม่ใช่ของทำ เก็บทั้งลูกหรือแกะเป็นราหู ความหายากนั่นเองคือของขลัง,"A coconut shell with a single eye where every normal shell has three — a natural anomaly, not a crafted thing, carved (often into Rahu) or kept whole. The rarity IS the charm.",280,199.0,,,https://wichaa.net/amulets/kind/kala-ta-diao/,https://wichaa.net/amulets/api/kind/kala-ta-diao.json,medium,2026-09-02
keris,kind,,กริช,keris,Keris / kris (the heirloom dagger),,ยังไม่ชี้ขาด,,,,blade,nuea_loha,,id|my|th-south|sg,,เอิมปู (empu) ช่างตีที่ต้องมีทั้งฝีมือและบารมี,"Old Java: inscriptions of 901–904 CE name keris among offerings (id.wikipedia); the recognisable form is attested by 1361 under Majapahit (en.wikipedia). UNESCO intangible heritage list, 2008.",มีดสั้นสองคมของโลกมลายู-ชวา โคนไม่สมมาตร ใบตรงหรือคดเลขคี่ ลายพามอร์จากเหล็กซ้อนชั้น ถือเป็นปูซากา (มรดกศักดิ์สิทธิ์) ที่มีทัวะห์หรือ “ผู้อยู่” ในเล่ม ล้างน้ำมันปีละครั้ง ห้ามชักเล่น ห้ามชี้,"The double-edged dagger of the Malay-Javanese world: asymmetric base, straight or odd-waved blade, pattern-welded pamor. Kept as pusaka — a sanctified heirloom held to carry tuah, and in Javanese belief an isi or presence of its own — washed and oiled once a year, never drawn idly, never pointed.",,,keris/keris-javanese-keris-dscf0867-1bb8b3.jpg,CC BY-SA 4.0,https://wichaa.net/amulets/kind/keris/,https://wichaa.net/amulets/api/kind/keris.json,high,2026-09-02
khmer-bronze-amulet,kind,,พระเครื่องเขมร,phra khrueang khmer,Khmer bronze amulet (Angkorian and post-Angkorian figurines),phra_khrueang,พระเครื่อง,none,none,low,figure,samrit|nuea_loha,khum_khrong,kh|th-isan|th-central,,ช่างหล่อขอม (หล่อแบบสูญขี้ผึ้งแปดขั้น) และช่างรุ่นหลัง,Hindu and Buddhist bronzes from the seventh century; Angkor period ninth to thirteenth; post-Angkor Theravada commissions of ancestors and Buddhist figures as merit,รูปหล่อสำริดขนาดเล็กศิลปะขอม — นาคปรก พระทรงเครื่อง หรือเทวรูป — ที่นำมาห้อยคอหรือบูชา ของแท้ยุคพระนครเป็นโบราณวัตถุที่มีปัญหากฎหมาย ของในตลาดส่วนมากหล่อใหม่,"A small Khmer-style bronze — naga-enthroned Buddha, crowned Buddha, or deity — worn as an amulet or kept on the altar. Genuine Angkorian pieces are antiquities with a legal problem attached; most of what circulates is modern casting in the style.",,,khmer-bronze-amulet/khmer-bronze-amulet-naga-enthroned-buddha-beyond-angkor-clev-c96f42.jpg,CC BY-SA 2.0,https://wichaa.net/amulets/kind/khmer-bronze-amulet/,https://wichaa.net/amulets/api/kind/khmer-bronze-amulet.json,medium,2026-09-02
khmer-katha,kind,,ตะกรุดเขมร,katha (Khmer takrut),Khmer katha scroll (rolled inscribed talisman),yantra_wattu,วัตถุมงคล (ยันต์),none,none,low,tube,takua|thongdaeng|ngoen|nuea_loha,khong_kraphan|khlaeo_khlat|metta_maha_niyom|kan_phi,kh,,ครูขแมร์ / อาจารย์ (อาจาร),"Undated tradition; the script and formula practice descend from the Angkor and post-Angkor Theravada world, damaged under the Khmer Rouge",แผ่นโลหะจารคาถาบาลีด้วยตัวขอม ม้วนเป็นหลอด ของขลังเขมรที่ตะกรุดไทยสืบมา พลังอยู่ที่อักขระและพิธี ไม่มีผู้อยู่ ไม่ต้องเลี้ยง,A metal sheet inscribed with a Pali gatha in Khmer letters and rolled into a tube: the Cambodian ancestor of the Thai takrut. Power sits in the inscription and the rite; nobody is home and nothing is owed.,,,khmer-katha/khmer-katha-suvannasama-jataka-in-khom-thai-script-821d75.jpg,CC0,https://wichaa.net/amulets/kind/khmer-katha/,https://wichaa.net/amulets/api/kind/khmer-katha.json,medium,2026-09-02
khmer-yantra-cloth,kind,,ผ้ายันต์เขมร,yoan (Khmer yantra cloth),Khmer yantra cloth,yantra_wattu,วัตถุมงคล (ยันต์),none,none,low,cloth,pha_yan,khum_khrong|khong_kraphan|khlaeo_khlat|kan_phi,kh,,ครูขแมร์ อาจารย์ และพระ,"Undated; yantra practice in Cambodia is traced to the Khmer Empire around the ninth century, and the cloth form is documented into the present",ผ้าเขียนยันต์ตัวขอมของเขมร แขวนขื่อบ้าน พับพก หรือคาดตัวนักสู้ พลังอยู่ที่อักขระและพิธี ไม่มีผู้อยู่,"A cloth drawn with Khom-letter yantra in the Cambodian tradition — hung from the house beam, folded into a pocket, or tied on a fighter. Power lives in the inscription and the rite; nobody is home.",,,khmer-yantra-cloth/khmer-yantra-cloth-hevajrayantra-30558c.webp,CC0,https://wichaa.net/amulets/kind/khmer-yantra-cloth/,https://wichaa.net/amulets/api/kind/khmer-yantra-cloth.json,medium,2026-09-02
khot-kala,kind,,คดกะลา,khot kala,Coconut-shell concretion,khong_thammachat,เครื่องรางธรรมชาติ,none,none,low,natural,kala,khum_khrong|khong_kraphan,th,,,,ก้อนแข็งเหมือนหินที่พบเกิดในลูกมะพร้าว หนึ่งในตระกูลคด — หินที่ไม่น่าจะมีในสิ่งมีชีวิต เก็บทั้งก้อนตามที่พบ ฤทธิ์อยู่ในตัว ไม่ต้องเลี้ยง,"A stone-hard concretion found grown inside a coconut — one of the คด family of impossible stones found in living things. Kept whole as found; power inherent, none to feed.",10,169.0,,,https://wichaa.net/amulets/kind/khot-kala/,https://wichaa.net/amulets/api/kind/khot-kala.json,low,2026-09-02
khun-phaen,kind,,ขุนแผน,khun phaen,Khun Phaen tablet,phra_khrueang,พระเครื่อง,none,none,low,tablet,nuea_phong|nuea_din,maha_saneh|metta_maha_niyom|khlaeo_khlat,th-central,,ตั้งชื่อตามขุนแผน ตัวเอกเสภาขุนช้างขุนแผน; สายที่วงการยกให้: หลวงพ่อกวย วัดโฆสิตาราม ชัยนาท (พลายกุมาร) และหลวงปู่ทิม วัดละหารไร่,"Epic first printed 1872; the trade holds that the tablet form predates the name, from Ayutthaya-period caches in the Suphanburi area — unverified here",พระพิมพ์ในซุ้มเรือนแก้ว ตั้งชื่อตามขุนแผนผู้เชี่ยวชาญวิชาในเสภา — พระเครื่ององค์เดียวที่เรื่องมวลสารสำคัญเท่ากับพิมพ์ทรง บางองค์เป็นผงล้วน บางองค์ผสมมวลสารอื่น และผิวไม่บอก,"A pressed tablet in the classic arch — named for the epic's charm-master, and the one amulet whose material story matters as much as its form. Some are pure powder; some are worked with other material, and the difference does not show on the surface.",323,168.0,khun-phaen/khun-phaen-khun-paen-wat-bang-krang-dd5c5d.png,CC BY-SA 4.0,https://wichaa.net/amulets/kind/khun-phaen/,https://wichaa.net/amulets/api/kind/khun-phaen.json,medium,2026-09-02
kuan-im,kind,,เจ้าแม่กวนอิม,kuan im,Guanyin pendant,thep_thewada,เทพ / เทวดา,deva,veneration,medium,figure,nuea_loha|nuea_phong|ngoen,metta_maha_niyom|khum_khrong|khlaeo_khlat,th|diaspora,,ศาลเจ้าจีนและวัดพุทธหลายแห่ง,Avalokitesvara became female in East Asia by about the twelfth century; the Thai cult is Thai-Chinese and Mahayana in origin,จี้หรือรูปเจ้าแม่กวนอิม พระโพธิสัตว์อวโลกิเตศวรในร่างหญิงชุดขาว เทพแห่งความเมตตาของคนไทยเชื้อสายจีน นิยมทำเป็นหยกแกะ,"A pendant or small image of Guanyin, Avalokitesvara in her white-robed female form, the compassion figure of Thai-Chinese households. The classic body is carved jade, worn on a cord.",9,129.0,kuan-im/kuan-im-thousand-armed-guanyin-1-dc0940.jpg,CC BY-SA 4.0,https://wichaa.net/amulets/kind/kuan-im/,https://wichaa.net/amulets/api/kind/kuan-im.json,medium,2026-09-02
kuman-thong,kind,,กุมารทอง,kuman thong,Kuman Thong (raised child-spirit),kuman,กุมารทอง,raised_spirit,feeding,high,figure,nuea_din|nuea_loha,kha_khai|khum_khrong|chok_lap|maha_saneh,th-central|th,,ตำราสร้างเครื่องรางของขลัง (ไม่ระบุผู้แต่ง),Already in the Khun Chang Khun Phaen epic (first printed 1872; Prince Damrong's standard edition 1917–18); the practice is older than the print,รูปเด็กที่ไม่ใช่รูปแทน แต่เป็นบ้าน — วิญญาณเด็กถูกผูกไว้แล้วเลี้ยงอย่างลูก ให้น้ำแดง ข้าว ของเล่น ตั้งชื่อ พูดด้วย ขอให้ช่วย ตำรา ๖๙๘๓ บันทึกวิธีสร้างแบบโบราณไว้เต็ม ในฐานะบันทึกประเพณี,"A child figure that is not a depiction but a home: a bound child-spirit, raised as family — fed sweet red drink and rice, named, spoken to, asked for help. The corpus holds the historical making in full, framed as ethnography, at manuscript 6983.",434,159.0,kuman-thong/kuman-thong-kuman-thong-f2e22b.jpg,CC BY-SA 3.0,https://wichaa.net/amulets/kind/kuman-thong/,https://wichaa.net/amulets/api/kind/kuman-thong.json,high,2026-09-02
lao-phra-khrueang,kind,,พระเครื่องลาว,pha khueang lao,Lao Buddha amulet (Luang Prabang and Vientiane temple issues),phra_khrueang,พระเครื่อง,none,none,low,tablet,samrit|thonglueang|nuea_loha|nuea_phong,khum_khrong|metta_maha_niyom,la|th-isan,วัดในหลวงพระบางและเวียงจันทน์ (เชียงทอง วัดใหม่ วัดองค์ตื้อ),วัดลาวออกให้ อ้างอิงพระบูชาล้านช้าง,"Lan Xang altar images from the fourteenth century (the Vat Manorom colossus is held the oldest); the worn amulet as a Lao temple product is modern, on the Thai pattern",พระเครื่องที่วัดลาวออก — พระพิมพ์ เหรียญ รูปหล่อเล็ก — ต้นแบบคือพระบูชาล้านช้าง เช่นพระยืนปางขอฝนและพระบาง ไม่มีผู้อยู่ ไม่ต้องเลี้ยง,"Amulets issued by Lao temples — tablets, medallions, small casts — modelled on the Lan Xang altar bronzes: the rain-calling standing Buddha, the Phra Bang, the seated earth-toucher. Nobody home, nothing owed.",,,lao-phra-khrueang/lao-phra-khrueang-lan-xang-seated-buddha-bronze-7488aa.jpg,Public domain,https://wichaa.net/amulets/kind/lao-phra-khrueang/,https://wichaa.net/amulets/api/kind/lao-phra-khrueang.json,low,2026-09-02
lao-yan,kind,,ยันต์ลาว,yan (Lao Tham-script yantra),Lao yantra in Tham script,yantra_wattu,วัตถุมงคล (ยันต์),none,none,low,other,pha_yan|takua|thongdaeng,khum_khrong|khong_kraphan|kan_phi|metta_maha_niyom,la|th-isan,,พระและหมอธรรมลาว-อีสาน,"Lao Tham is an adaptation of Lanna Tham; the oldest dated Isan example is the inscription on the base of the principal Buddha at Wat Phra That Phanom, 1503 (BE 2046), under Lan Xang",ยันต์ที่เขียนด้วยตัวธรรมลาว สายอักษรเดียวกับล้านนา ใช้บนผ้า ตะกรุด ใบลาน และผิวหนัง พลังอยู่ที่อักขระและพิธี ไม่มีผู้อยู่,"A yantra written in Lao Tham, the Lanna-family sacred script of Lan Xang and Isan, carried on cloth, in a takrut, on palm leaf, or on skin. Power lives in the letters and the rite; nobody is home.",,,lao-yan/lao-yan-tham-lao-d7ea14.jpg,CC0,https://wichaa.net/amulets/kind/lao-yan/,https://wichaa.net/amulets/api/kind/lao-yan.json,medium,2026-09-02
lek-lai,kind,,เหล็กไหล,lek lai,Lek lai (living iron),khong_thammachat,เครื่องรางธรรมชาติ,none,none,low,natural,nuea_loha,khong_kraphan|maha_ut|khlaeo_khlat,th|my,,,,โลหะดำมันวาวที่เชื่อว่ามีชีวิต ตัดจากถ้ำด้วยพิธี ว่ากินน้ำผึ้งและกันคมอาวุธ ฤทธิ์อยู่ในตัวของมันเอง เป็นหมวดที่ของปลอมชอบที่สุด ซึ่งเป็นคำเตือนในตัว,"A dark lustrous metal the tradition holds to be alive — drawn from caves by rite, said to drink honey and turn aside blades. Power inherent in the thing itself; the category every faker loves, which is its own caution.",35,90.0,,,https://wichaa.net/amulets/kind/lek-lai/,https://wichaa.net/amulets/api/kind/lek-lai.json,medium,2026-09-02
locket,kind,,ล็อกเก็ต,locket,photograph locket,yantra_wattu,วัตถุมงคล (ยันต์),none,none,low,locket,kesa|chiwon|nuea_phong|phong_phuttakhun,metta_maha_niyom|khum_khrong,th,,วัดและสำนักทั่วประเทศ,"Follows the spread of photography; the oldest free Commons example is a photo-under-glass of Phra Phimontham (Nak), Wat Arun, dated BE 2475",รูปถ่ายพระเกจิผนึกใต้กระจกหรือเรซิน หลังอุดผง เกศา หรือจีวร — คือที่บรรจุพระธาตุแบบพกพาในรูปของเครื่องประดับ พลังอยู่ที่มวลสารและพิธี ไม่มีผู้อยู่,"A monk's photograph sealed under glass or resin, often with powder, hair, or robe-cloth packed behind the image — a portable reliquary in costume jewellery's clothes.",138,149.0,locket/locket-zz005-23cb6c.jpg,CC BY-SA 4.0,https://wichaa.net/amulets/kind/locket/,https://wichaa.net/amulets/api/kind/locket.json,medium,2026-09-02
luang-pu-thuat,kind,,หลวงปู่ทวด,luang pu thuat,Luang Pu Thuat amulet,phra_khrueang,พระเครื่อง,none,none,low,tablet,nuea_waan|nuea_loha|thonglueang|samrit|ngoen,khlaeo_khlat|khum_khrong|khong_kraphan,th-south|th,วัดช้างให้ จังหวัดปัตตานี,พระอาจารย์ทิม ธมฺมธโร เจ้าอาวาสวัดช้างให้,The monk is Ayutthaya-period (1582–1682); the amulets begin in 1954,พระเครื่องรูปหลวงปู่ทวด พระเถระสมัยอยุธยาแห่งภาคใต้ ผู้เหยียบน้ำทะเลจืด รุ่นแรกเนื้อว่านจากวัดช้างให้ พ.ศ. ๒๔๙๗ รุ่นหลังเป็นเหรียญและหลังเตารีด นับถือทางแคล้วคลาด,"Amulets bearing Luang Pu Thuat, the Ayutthaya-period southern monk who is said to have turned seawater fresh. The first run is a wan-powder tablet from Wat Chang Hai in 1954; later runs are medallions and cast figures, carried for narrow escape.",353,99.0,luang-pu-thuat/luang-pu-thuat-luang-phor-thuad-2497-d05eaf.png,CC BY-SA 4.0,https://wichaa.net/amulets/kind/luang-pu-thuat/,https://wichaa.net/amulets/api/kind/luang-pu-thuat.json,high,2026-09-02
luk-om,kind,,ลูกอม,luk om,Luk om (mouth-held charm ball),yantra_wattu,วัตถุมงคล (ยันต์),none,none,low,bead,nuea_phong|phong_phuttakhun|nuea_waan|takua,khong_kraphan|khlaeo_khlat,th,,ตำราสร้างเครื่องรางของขลัง (ไม่ระบุผู้แต่ง); วัดบางปะกอก (หลวงปู่พริ้ง) ทำลูกอมดำ; วัดหนองบัว กาญจนบุรี มีลูกอมหมากทุย,Undated treatise; the named temple issues are 20th century by their makers' lives,ลูกกลมเล็กที่ปั้นจากผงว่าน ม้วนจากกระดาษยันต์พันด้าย หรือกล่อมจากแผ่นตะกั่วลงยันต์ เสกแล้วอมไว้ในปากหรือพกติดตัว ตำราให้เพื่อคงกระพันแคล้วคลาด ไม่มีผู้อยู่,"A small consecrated ball — herb-and-powder paste, a thread-wound paper yantra, or an inscribed lead sheet worked round — held in the mouth or carried, for invulnerability and evasion. Power in the yantra and the chant; nobody home.",105,300.0,,,https://wichaa.net/amulets/kind/luk-om/,https://wichaa.net/amulets/api/kind/luk-om.json,high,2026-09-02
luk-sakot,kind,,ลูกสะกด,luk sakot,Luk sakot (lead subduing beads),yantra_wattu,วัตถุมงคล (ยันต์),none,none,low,bead,takua,sakot|khong_kraphan|khlaeo_khlat,th,,,"No dated attestation found; the function is in the undated treatise, the bead form is not",เม็ดตะกั่วเล็กจารอักขระ เจาะรูร้อยเชือก ชื่อมาจากหน้าที่ 'สะกด' — ทำให้คนหรือสัตว์นิ่งหรือหลับ ปัจจุบันขายคู่ตะกรุดในความหมายคงกระพันแคล้วคลาด ไม่มีผู้อยู่,"Small incised lead beads, pierced and strung, named for the function สะกด — subduing, putting to sleep — and now sold beside takrut as invulnerability-and-evasion beads. Power in the letters and the chant; nobody home.",4,439.5,,,https://wichaa.net/amulets/kind/luk-sakot/,https://wichaa.net/amulets/api/kind/luk-sakot.json,low,2026-09-02
mit-mo,kind,,มีดหมอ,mit mo,Mit mo (ritual knife),yantra_wattu,วัตถุมงคล (ยันต์),none,none,low,blade,nuea_loha,kan_phi|chang_ngang|sakot|kambang|khong_kraphan,th-central|th,วัดประดู่ทรงธรรม,หลวงพ่อม่วง ตราพระขรรค์เพชร ตามที่ตำราระบุ,Undated treatise; the knife appears in the poem Krai Thong among the hero's weapons per Thai Wikipedia,มีดที่ตีและลงอักขระเป็นเครื่องมือของหมอผี ใช้ตัดสิ่งที่ผูกมัด ไม่ใช่ตัดให้เลือดออก ตำรา ๖๙๘๓ ในคลังนี้บันทึกตำรับเหล็กสิบชนิดจากวัดประดู่ทรงธรรม,"A knife forged and inscribed as an instrument of the doctor-of-spirits — for cutting what binds, not what bleeds. Manuscript 6983 in this corpus records a ten-iron forge recipe from Wat Pradu Song Tham.",194,357.365,mit-mo/mit-mo-mitmorknife-1a2187.jpg,CC0,https://wichaa.net/amulets/kind/mit-mo/,https://wichaa.net/amulets/api/kind/mit-mo.json,high,2026-09-02
mustika,kind,,หินมุสติกา,mustika,Batu mustika (stones and 'pearls' of inherent power),khong_thammachat,เครื่องรางธรรมชาติ,none,none,low,natural,,khum_khrong|chok_lap,id|my,,ไม่มีผู้สร้าง — “พบ” หรือ “ถูกดึงมา” (tarikan gaib) โดยดุกุน,The Asia–Europe bezoar trade of c. 1500–1700 valued Southeast Asian porcupine stones especially (en.wikipedia); the mustika cult on the modern Indonesian market is undated,หินหรือเม็ดธรรมชาติที่โลกมลายู-ชวาถือว่ามีทัวะห์ในตัว — หินแร่ หินเบซัวร์จากท้องสัตว์ (geliga) หรือ “ไข่มุก” จากพืชและสัตว์ — พบ ไม่ได้สร้าง มักเลี่ยมแหวน ตลาดอินโดนีเซียเติมความเชื่อเรื่อง khodam (ผู้อยู่) เข้าไป ซึ่งหมวดของ vault ไม่รองรับ,"A natural stone or nodule the Malay-Javanese world holds to carry its own tuah — a mineral, a bezoar cut from an animal (geliga), or a 'pearl' claimed from a plant or creature. Found, not made; usually ring-set. The Indonesian market adds a khodam, a resident spirit, which the vault's natural-talisman class does not carry — noted, not adopted.",,,mustika/mustika-acm-bezoar-stone-and-holder-box-03567-d588ab.jpg,CC0,https://wichaa.net/amulets/kind/mustika/,https://wichaa.net/amulets/api/kind/mustika.json,low,2026-09-02
nang-kwak,kind,,นางกวัก,nang kwak,Nang Kwak (the beckoning lady),thep_thewada,เทพ / เทวดา,deva,veneration,medium,figure,nuea_loha|nuea_din|nuea_phong|nuea_waan,kha_khai|metta_maha_niyom|chok_lap|maha_saneh,th,,ตำราสร้างเครื่องรางของขลัง (ไม่ระบุผู้แต่ง) ให้ ๖ วิธี,Undated treatise; the figure is older than any dated print,นางกวัก หญิงนั่งยกมือกวักเรียกลูกค้า — ทั้งรูปตั้งหิ้งและจี้ เป็นเทพที่บูชาด้วยความเคารพและเครื่องสักการะเล็กน้อย ตลาดทุกแห่งในประเทศทำมาค้าขายใต้มือของนาง,"The shop-keeper's lady, hand raised in the customer-calling gesture — shelf statue and pendant both. Venerated with respect and small offerings; every market in the country works under her hand.",457,259.0,nang-kwak/nang-kwak-nang-kwak-for-sell-at-a-shop-in-wat-pras-5d2715.jpg,CC BY-SA 4.0,https://wichaa.net/amulets/kind/nang-kwak/,https://wichaa.net/amulets/api/kind/nang-kwak.json,high,2026-09-02
nat-figure,kind,,นัต,nat,Nat figure (Burmese spirit-deity),thep_thewada,เทพ / เทวดา,deva,veneration,medium,figure,,khum_khrong|kan_phi|chok_lap|kha_khai,mm|shan,,,King Anawrahta (r. 1044–1077) fixed the official pantheon of 37 Great Nats; Thagyamin was set at its head,รูปนัต เทพารักษ์ของพม่าที่บูชาควบคู่กับพุทธศาสนา มีนัตหลวง ๓๗ ตน นำโดยตะจาหมิ่น (ท้าวสักกะ) มีมหาคีรีเป็นนัตประจำบ้าน และโบโบจีเป็นนัตประจำเจดีย์ ตั้งในศาลที่บ้าน ร้าน และวัด เป็นเทพที่บูชา ไม่ใช่ผีที่เลี้ยง,"Figures of the nats, the spirit-deities venerated in Myanmar alongside Buddhism: the 37 Great Nats headed by Thagyamin (Sakka), Mahagiri the house nat, and Bo Bo Gyi the guardian of each pagoda, kept in shrines at home, in shops and at pagodas. A deva-tier being venerated through the object — worship, not necromancy.",8,229.0,nat-figure/nat-figure-thagyamin-at-shwedagon-pagoda-39834c.jpg,CC BY 2.0,https://wichaa.net/amulets/kind/nat-figure/,https://wichaa.net/amulets/api/kind/nat-figure.json,high,2026-09-02
palad-khik,kind,,ปลัดขิก,palat khik,Palad khik (phallic waist charm),,ยังไม่ชี้ขาด,,,,other,kala|khao|nuea_loha,maha_saneh|kan_phi|chok_lap|kha_khai,th,,ตำราสร้างเครื่องรางของขลัง (ไม่ระบุผู้แต่ง) · วิกิพีเดียไทยเอ่ยชื่อหลวงพ่อเหลือ วัดสาวชะโงก เป็นผู้สร้างที่มีชื่อ,"Undated treatise. Both Wikipedias trace the form to the Shiva linga and Indian influence roughly two thousand years back; that is a lineage claim, not a date",แท่งแกะหรือหล่อรูปอวัยวะเพศชาย พกติดตัวเพื่อโชค การค้า และคุ้มกัน เป็นเครื่องรางที่เก่าแก่ที่สุดแบบหนึ่งของแถบนี้ และเป็นแบบที่ประเพณีเองจัดไว้สองทาง — ของขลังไม่มีผู้อยู่ทางหนึ่ง ที่สถิตของผู้คุ้มครองอีกทางหนึ่ง,"A carved or cast phallic rod, pocket-carried for luck, trade and protection — one of the oldest charm forms in the region, and one the tradition itself files two different ways.",285,100.0,palad-khik/palad-khik-talisman-market-bangkok-16-28327740695-3f451e.jpg,CC BY 2.0,https://wichaa.net/amulets/kind/palad-khik/,https://wichaa.net/amulets/api/kind/palad-khik.json,high,2026-09-02
pha-yan,kind,,ผ้ายันต์,pha yan,Pha yan (yantra cloth),yantra_wattu,วัตถุมงคล (ยันต์),none,none,low,cloth,pha_yan,khum_khrong|khlaeo_khlat|khong_kraphan|kan_phi|metta_maha_niyom,th,,,Thai Wikipedia has King Taksin handing prachiat to his commanders around 1769 and Rama I to his soldiers around 1785; both dates unverified against a primary,ผ้าผืนสี่เหลี่ยมหรือธงที่เขียนตาราง รูป และอักขระ แขวนเหนือประตู พับใส่กระเป๋า หรือพันตัว ลายยันต์มีดัชนีของตัวเองที่ /yant,"A cloth square or banner drawn with grids, figures and script — hung over a door, folded into a pocket, or worn. The drawn designs have their own index here: /yant.",397,98.0,pha-yan/pha-yan-yant-paed-tidt-067498.jpg,Public domain,https://wichaa.net/amulets/kind/pha-yan/,https://wichaa.net/amulets/api/kind/pha-yan.json,medium,2026-09-02
phat-ban-menh,kind,,พระพุทธเจ้าประจำปีนักษัตรจีน,Phật bản mệnh,Birth-year guardian Buddha pendant,phra_khrueang,พระเครื่อง,none,none,low,medallion,,khum_khrong|khlaeo_khlat,vn|diaspora,,โรงงานเครื่องประดับและร้านค้าออนไลน์ ไม่ผูกกับวัดใด,The twelve-branch guardian set is Japanese Shingon practice; Chinese Wikipedia notes it appears in no sutra. Its spread as a Chinese and Vietnamese retail pendant is recent and undated in the sources,จี้พระพุทธเจ้าหรือพระโพธิสัตว์ ๑ ใน ๘ องค์ เลือกตามปีนักษัตรจีนของผู้ใส่ ชุดนี้มาจากนิกายชินงอนญี่ปุ่น ขายเป็นเครื่องประดับในจีนและเวียดนาม ไทยมีขายบ้างในชื่อ 'พระประจำปีเกิด นักษัตรจีน' ไม่ใช่พระประจำวันเกิดแบบไทย,"A pendant of one of eight Buddhas and bodhisattvas, chosen by the wearer's Chinese zodiac year. The eight-figure set is Japanese Shingon practice, sold today as jewellery across China and Vietnam and, thinly, in Thailand under 'Chinese zodiac birth-year Buddha'. It is not the Thai weekday birthday Buddha.",2,56.629999999999995,,,https://wichaa.net/amulets/kind/phat-ban-menh/,https://wichaa.net/amulets/api/kind/phat-ban-menh.json,medium,2026-09-02
phaya-khrut,kind,,พญาครุฑ,phaya khrut,Phaya Khrut (the garuda),thep_thewada,เทพ / เทวดา,deva,veneration,medium,figure,nuea_loha|thonglueang|samrit,khum_khrong|kan_phi|kha_khai|metta_maha_niyom,th,,,The garuda is the royal and national emblem of Thailand and an old temple and palace motif; when it became a mass-market amulet is not something this record can date,พญาครุฑ ราชาแห่งนก กางปีก — อำนาจ แคล้วคลาด และหนี้ที่ไม่กล้าตามมา หล่อโลหะตั้งแต่จี้จนถึงรูปตั้ง เป็นเทพที่บูชาผ่านวัตถุ ไม่ต้องเลี้ยง,"The king of birds, wings spread — authority, safe passage, and debt that dares not follow. Cast in metal from pendant to standard.",170,99.95,phaya-khrut/phaya-khrut-siam-garuda-inginocchiato-in-anjalimudra-358b7e.jpg,CC BY 3.0,https://wichaa.net/amulets/kind/phaya-khrut/,https://wichaa.net/amulets/api/kind/phaya-khrut.json,medium,2026-09-02
phaya-nak,kind,,พญานาค,phaya nak,Naga pendant,thep_thewada,เทพ / เทวดา,deva,veneration,medium,figure,nuea_loha|thonglueang|nuea_phong|nuea_waan,chok_lap|metta_maha_niyom|khum_khrong,th|th-isan,,หลายวัดและสำนัก โดยเฉพาะอีสานลุ่มน้ำโขง,The present naga cult; the cabinet named the naga a national symbol in November 2022,จี้หรือรูปหล่อพญานาค เจ้าแห่งงูและน้ำในความเชื่อไทย-ลาว ผู้เฝ้าแม่น้ำโขง เป็นเครื่องรางที่นิยมที่สุดของยุคนี้ ขอโชคลาภและเมตตา,"A pendant or small cast figure of the naga, serpent-lord of water in Thai-Lao belief and keeper of the Mekong. The most fashionable deity object of the present decade, asked for luck and favour.",67,78.21,phaya-nak/phaya-nak-n-ga-at-wat-kham-chanot-9d5c1f.jpg,CC BY-SA 3.0,https://wichaa.net/amulets/kind/phaya-nak/,https://wichaa.net/amulets/api/kind/phaya-nak.json,medium,2026-09-02
phaya-tao-ruean,kind,,พญาเต่าเรือน,phaya tao ruean,Phaya Tao Ruean (turtle-king charm),yantra_wattu,วัตถุมงคล (ยันต์),none,none,low,figure,nuea_loha|nuea_din,chok_lap|kha_khai|khum_khrong,th-central,วัดไร่แตงทอง นครปฐม · วัดไทรทองพัฒนา กาญจนบุรี (ตามการ์ด),หลวงปู่หลิว ปุณฺณโก,Wat Rai Taeng Thong was founded 17 March 1992 per Thai Wikipedia; the famous turtle issues are usually placed in the late 20th century (tradition),เต่าเรือนในสายหลวงปู่หลิว — ทรัพย์ที่ค่อยมาแล้วอยู่ อายุยืน บ้านมั่นคง วัตถุมงคลปลุกเสก ไม่มีผู้อยู่,"The house-turtle amulet in the line of Luang Pu Liu — slow money that stays, long life, a household that holds. Blessed object, no resident.",377,139.0,,,https://wichaa.net/amulets/kind/phaya-tao-ruean/,https://wichaa.net/amulets/api/kind/phaya-tao-ruean.json,medium,2026-09-02
phra-bang-pendant,kind,,พระบาง,pha bang,Phra Bang pendant (copies of the Lao palladium),phra_khrueang,พระเครื่อง,none,none,low,figure,samrit|thonglueang|nuea_loha|thongkham,khum_khrong,la|th-isan,หอพระบาง วังหลวง หลวงพระบาง (ต้นแบบ),ตำนานว่าหล่อที่ลังกา · นักวิชาการว่าศิลปะขอมปลายศตวรรษที่ 12–ต้น 13,"Reached Lan Xang in 1359 as the Khmer king's gift to Fa Ngum; to Vientiane 1705; taken to Bangkok 1778 and returned 1782, taken again 1828 and returned 1867 under Rama IV; moved into the Haw Pha Bang in 2013",จี้และรูปหล่อย่อส่วนของพระบาง พระพุทธรูปคู่บ้านคู่เมืองลาวที่หลวงพระบางได้ชื่อมาจาก ยืนยกสองพระหัตถ์ ไม่มีผู้อยู่ ไม่ต้องเลี้ยง,"Pendants and miniature casts of the Phra Bang, the standing two-palms-forward Buddha that is the palladium of Laos and gave Luang Prabang its name. Nobody home, nothing owed.",,,phra-bang-pendant/phra-bang-pendant-phra-bang-budhhalawan-77f211.jpg,Public domain,https://wichaa.net/amulets/kind/phra-bang-pendant/,https://wichaa.net/amulets/api/kind/phra-bang-pendant.json,high,2026-09-02
phra-chiang-saen,kind,,พระเชียงแสน,phra chiang saen,Chiang Saen (Lanna) bronze Buddha,phra_khrueang,พระเครื่อง,none,none,low,figure,samrit|nuea_loha|thongdaeng,khum_khrong|khlaeo_khlat|metta_maha_niyom,th-north,,ช่างหล่อล้านนา ไม่ระบุ,"Lanna art, roughly the 13th to 18th centuries CE (Buddhist centuries 19–24)",พระพุทธรูปสำริดแบบล้านนาที่วงการเรียกรวมว่าพระเชียงแสน แบ่งเป็นสิงห์หนึ่ง สิงห์สอง สิงห์สาม ตามหน้า เกตุ และชายจีวร มีทั้งองค์บูชาและองค์จ้อยห้อยคอ,"Lanna bronze Buddhas the trade groups as พระเชียงแสน, sorted into Sing 1, 2 and 3 by face, ushnisha and robe flap; from altar images down to wearable 'ong choi' pieces.",1,129.0,phra-chiang-saen/phra-chiang-saen-jpg-febe0b.jpg,CC BY-SA 4.0,https://wichaa.net/amulets/kind/phra-chiang-saen/,https://wichaa.net/amulets/api/kind/phra-chiang-saen.json,medium,2026-09-02
phra-hu-yan,kind,,พระหูยาน,phra hu yan,Phra Hu Yan (Lopburi long-eared tablet),phra_khrueang,พระเครื่อง,none,none,low,tablet,nuea_chin|sanim_daeng|nuea_din,khong_kraphan|metta_maha_niyom,th-central,วัดพระศรีรัตนมหาธาตุ ลพบุรี (ปฐมกรุ),,Late Lopburi period per Thai Wikipedia; the cache first opened about B.E. 2450 (the 'old cache') and again about B.E. 2508 (the 'new cache'),พระพิมพ์ศิลปะลพบุรีจากกรุวัดพระศรีรัตนมหาธาตุ ลพบุรี องค์พระนั่งสมาธิราบ พระกรรณยาวจรดบ่า จึงได้ชื่อ เนื้อชินเป็นหลัก เชื่อกันเรื่องคงกระพัน ไม่มีผู้ใดสถิตอยู่,"A Lopburi-style tablet from the cache at Wat Phra Si Rattana Mahathat, Lopburi: a Buddha seated flat in meditation whose ears run down to the shoulders, which is the name. Mostly chin alloy. Held for invulnerability. Nobody is home.",2,339.0,,,https://wichaa.net/amulets/kind/phra-hu-yan/,https://wichaa.net/amulets/api/kind/phra-hu-yan.json,medium,2026-09-02
phra-khanaen,kind,,พระคะแนน,phra khanaen,Phra Khanaen (counting piece),phra_khrueang,พระเครื่อง,none,none,low,tablet,nuea_din|nuea_chin|nuea_phong,,th,,,A counting convention used both in old caches and in later temple runs; Thai Wikipedia notes the practice is no longer widespread,พระเครื่ององค์เล็กที่สร้างไว้ใช้นับจำนวนพระในชุดเดียวกัน หนึ่งองค์แทนพระหลักจำนวนหนึ่ง ทำให้เล็กกว่าเพื่อแยกออกได้ชัด ไม่มีผู้ใดสถิตอยู่,"A small amulet made to tally a batch: one counting piece stands for a fixed number of main pieces, and it is made smaller so the two never mix. Nobody is home.",0,,,,https://wichaa.net/amulets/kind/phra-khanaen/,https://wichaa.net/amulets/api/kind/phra-khanaen.json,medium,2026-09-02
phra-khong,kind,,พระคง,phra khong,Phra Khong (Lamphun cache tablet),phra_khrueang,พระเครื่อง,none,none,low,tablet,nuea_din,khong_kraphan|khlaeo_khlat,th-north,วัดพระคงฤๅษี,ตำนานยกให้ฤๅษีสมัยพระนางจามเทวี,"Hariphunchai period; the wat's founding legend gives B.E. 1200, which is legend, not a date for the tablets",พระพิมพ์ดินเผาหริภุญชัยจากกรุวัดพระคงฤๅษี ลำพูน คู่แฝดของพระรอด องค์พระนั่งใต้ซุ้มใบโพธิ์ ชื่อ “คง” ทำให้คนถือเป็นพระคงกระพัน,"A Hariphunchai fired-earth tablet from the cache at Wat Phra Khong Ruesi in Lamphun, the stockier twin of the พระรอด: a seated Buddha under bodhi leaves. The name คง (endure) is why the trade reads it as a คงกระพัน amulet.",2,134.965,,,https://wichaa.net/amulets/kind/phra-khong/,https://wichaa.net/amulets/api/kind/phra-khong.json,medium,2026-09-02
phra-kring,kind,,พระกริ่ง,phra kring,Phra Kring (rattling cast Buddha),phra_khrueang,พระเครื่อง,none,none,low,figure,nawaloha|samrit|thonglueang|nuea_loha,khum_khrong|khlaeo_khlat,th-central|th,วัดบวรนิเวศวิหาร · วัดสุทัศนเทพวราราม,สมเด็จพระมหาสมณเจ้า กรมพระยาปวเรศวริยาลงกรณ์ · สมเด็จพระสังฆราช (แพ ติสฺสเทโว),"Tibetan, Chinese and Khmer forms precede it; Thai evidence from Sukhothai–Ayutthaya, the collected lineages are Rattanakosin",พระพุทธรูปหล่อโลหะขนาดเล็ก ภายในกลวงบรรจุเม็ดกริ่ง เขย่าแล้วดัง สืบสายมาจากพระไภษัชยคุรุแบบจีน–ทิเบต หล่อด้วยนวโลหะหรือสัมฤทธิ์ พลังอยู่ที่ผู้สร้างและพิธี ไม่มีผู้อยู่,A small cast Buddha with a pellet sealed inside — shake it and it chimes. Cast in bronze or nawaloha in the Chinese-Tibetan medicine-Buddha line.,36,100.0,phra-kring/phra-kring-wat-suthat-phra-kring-f2de3d.jpg,CC BY-SA 4.0,https://wichaa.net/amulets/kind/phra-kring/,https://wichaa.net/amulets/api/kind/phra-kring.json,high,2026-09-02
phra-kru,kind,,พระกรุ,phra kru,Phra Kru (cache-find amulet),phra_khrueang,พระเครื่อง,none,none,low,tablet,nuea_din|nuea_chin|sanim_daeng|nuea_phong,khum_khrong,th,,,"The practice of sealing votive tablets in a stupa's chamber to carry the religion forward, per Thai Wikipedia; the tablets surface when the structure fails or is opened",พระพิมพ์ที่ได้จากกรุเจดีย์ที่ปิดไว้ — ดินเผาหรือชินมากกว่าผง มีคราบและแร่บานจากหลายร้อยปีในกรุ อายุคือคำถามทั้งหมด ผิวคือพยาน ไม่มีผู้ใดสถิตอยู่,"An amulet recovered from a sealed temple cache (กรุ) — fired earth or chin alloy more often than powder, with the crust and mineral bloom of centuries in the chamber. Age is the whole question; the surface is the testimony.",37,129.0,phra-kru/phra-kru-terracotta-buddha-sealing-14th-15th-cent-4c65d9.jpg,Public domain,https://wichaa.net/amulets/kind/phra-kru/,https://wichaa.net/amulets/api/kind/phra-kru.json,high,2026-09-02
phra-nang-phaya,kind,,พระนางพญา,phra nang phaya,Phra Nang Phaya (Phitsanulok triangular tablet),phra_khrueang,พระเครื่อง,none,none,low,tablet,nuea_din,metta_maha_niyom|khum_khrong,th-central,วัดนางพญา พิษณุโลก,ผูกกับรัชสมัยสมเด็จพระนเรศวร (วิกิพีเดียไทย) หรือพระวิสุทธิกษัตรีย์ (วิกิพีเดียอังกฤษ),"Ayutthaya period; the cache first opened around 1901 (B.E. 2444), with later finds in B.E. 2512, 2530 and 2553 per Thai Wikipedia",พระพิมพ์ดินเผาทรงสามเหลี่ยมจากกรุวัดนางพญา พิษณุโลก ปางมารวิชัย อกนูน แขนเรียว วงการเรียกราชินีแห่งพระเครื่อง เป็นหนึ่งในเบญจภาคี ไม่มีผู้ใดสถิตอยู่,"A triangular fired-clay tablet from the cache at Wat Nang Phaya, Phitsanulok: a Maravijaya Buddha with a full chest and slender arms, the queen of amulets and one of the Benjaphakhi five. Nobody is home.",41,129.0,phra-nang-phaya/phra-nang-phaya-jpg-923d4b.jpg,CC BY-SA 4.0,https://wichaa.net/amulets/kind/phra-nang-phaya/,https://wichaa.net/amulets/api/kind/phra-nang-phaya.json,high,2026-09-02
phra-phikkhanet,kind,,พระพิฆเนศ,phra phikkhanet,Ganesha pendant,thep_thewada,เทพ / เทวดา,deva,veneration,medium,figure,nuea_loha|thonglueang|nuea_phong,metta_maha_niyom|kha_khai|khlaeo_khlat,th,,หลายวัดและสำนัก,"Modern popularity follows the Fine Arts Department and Silpakorn University adopting Ganesha as emblem, itself inherited from King Vajiravudh's literary society",จี้หรือรูปหล่อพระพิฆเนศ เทพเศียรช้างผู้ขจัดอุปสรรค เจ้าแห่งศิลปวิทยา บูชากันในไทยทั้งในกรอบพุทธและพราหมณ์,"A pendant or small cast image of Ganesha, the elephant-headed remover of obstacles and patron of the arts, venerated in Thailand inside Buddhist practice as much as Hindu.",103,89.0,phra-phikkhanet/phra-phikkhanet-jpg-ae0fdc.jpg,CC BY-SA 4.0,https://wichaa.net/amulets/kind/phra-phikkhanet/,https://wichaa.net/amulets/api/kind/phra-phikkhanet.json,medium,2026-09-02
phra-phong-bai-lan,kind,,พระผงใบลาน,phra phong bai lan,Palm-leaf-ash tablet,phra_khrueang,พระเครื่อง,none,none,low,tablet,phong_bai_lan|nuea_phong,metta_maha_niyom|khong_kraphan|khlaeo_khlat,th,,ตำราสร้างเครื่องรางของขลัง (ไม่ระบุผู้แต่ง) ให้สูตรใบลานเผาผสมขี้รัก,Undated treatise; the tablet form is a temple issue of many eras,พระพิมพ์อัดจากเถ้าใบลานเผา — ใบลานชุดเดียวกับที่คลังนี้จัดหมวดเป็นคัมภีร์ ในช่วงชีวิตถัดไป ตำราให้สูตรตรง: ลงคาถาใบลาน ๕ ใบ เผาเป็นสมุก ผสมขี้รัก ปั้น,"Pressed from the ash of burnt palm-leaf manuscripts — the same leaves this archive catalogues, at a later moment of their life. A treatise here gives the recipe outright: inscribe five leaves with katha, burn, mix with lacquer, roll.",20,299.0,,,https://wichaa.net/amulets/kind/phra-phong-bai-lan/,https://wichaa.net/amulets/api/kind/phra-phong-bai-lan.json,medium,2026-09-02
phra-phong-suphan,kind,,พระผงสุพรรณ,phra phong suphan,Phra Phong Suphan (Suphan Buri triangular tablet),phra_khrueang,พระเครื่อง,none,none,low,tablet,nuea_din,khong_kraphan|khlaeo_khlat|metta_maha_niyom,th-central,วัดพระศรีรัตนมหาธาตุ สุพรรณบุรี,ลานทองจารึกกล่าวถึงฤๅษีผู้สร้าง (ตามที่วงการเล่า),"U Thong period; the prang was opened in 1913 (B.E. 2456) and yielded a gold plate inscribed in Pali in Khom script, per Thai Wikipedia",พระพิมพ์ดินเผาทรงสามเหลี่ยมจากกรุพระปรางค์วัดพระศรีรัตนมหาธาตุ สุพรรณบุรี ปางมารวิชัยศิลปะอู่ทอง ชื่อว่าผงแต่เป็นดินเผา หนึ่งในเบญจภาคี ไม่มีผู้ใดสถิตอยู่,"A triangular fired-clay tablet from the prang cache at Wat Phra Si Rattana Mahathat, Suphan Buri: a Maravijaya Buddha with a U Thong face. Called powder, made of earth. One of the Benjaphakhi five; nobody is home.",7,105.0,phra-phong-suphan/phra-phong-suphan-phra-pong-suphan-02c3b5.png,CC BY-SA 4.0,https://wichaa.net/amulets/kind/phra-phong-suphan/,https://wichaa.net/amulets/api/kind/phra-phong-suphan.json,medium,2026-09-02
phra-phrom,kind,,พระพรหม,phra phrom,Four-faced Brahma pendant,thep_thewada,เทพ / เทวดา,deva,veneration,medium,figure,nuea_loha|thonglueang|nuea_phong,metta_maha_niyom|chok_lap|khum_khrong,th,,รูปต้นแบบ: กรมศิลปากร (ช่างปั้น จิตร พิมพ์โกวิท) สร้างให้ศาลท้าวมหาพรหม โรงแรมเอราวัณ พ.ศ. 2499,Shrine founded 1956 after construction troubles at the hotel; nationwide popularity follows it,จี้หรือรูปหล่อพระพรหมสี่หน้า เทพผู้ลิขิตชะตาและประทานพร รูปแบบที่ทั้งประเทศทำตามคือองค์ท้าวมหาพรหมที่ศาลโรงแรมเอราวัณ,"A pendant or small cast image of four-faced Brahma, the god Thais credit with writing destiny and granting wishes. The template nearly every pendant copies is the Erawan Hotel shrine image at Ratchaprasong.",19,99.0,phra-phrom/phra-phrom-brahma-e36d00.jpg,CC BY-SA 3.0,https://wichaa.net/amulets/kind/phra-phrom/,https://wichaa.net/amulets/api/kind/phra-phrom.json,medium,2026-09-02
phra-pidta,kind,,พระปิดตา,phra pidta,Phra Pidta (eyes-covered Buddha),phra_khrueang,พระเครื่อง,none,none,low,figure,nuea_phong|nuea_loha|takua,kambang|khong_kraphan|khlaeo_khlat|maha_ut|chok_lap,th-central|th,,ตำราสร้างเครื่องรางของขลัง (ตำราสร้างพระภควัมบดี ๙ แบบ) · สำนักที่วงการยกให้ เช่น หลวงพ่อแก้ว วัดเครือวัลย์,"Early pieces cast metal, later ones pressed powder",รูปนั่งยกมือปิดตาหรือปิดหน้า — ปิดทวารไม่ให้กิเลสและอันตรายเข้า ถือกันว่าเป็นพระสังกัจจายน์ เนื้อผงคลุกรักหรือโลหะหล่อ ใช้ทางกำบัง คงกระพัน และโชคลาภที่มาเงียบๆ,A figure with hands over its eyes — the shut-away senses. Pressed powder or cast metal; worked for warding and for wealth that slips past notice.,166,100.0,phra-pidta/phra-pidta-jpg-9e842a.jpg,CC BY-SA 4.0,https://wichaa.net/amulets/kind/phra-pidta/,https://wichaa.net/amulets/api/kind/phra-pidta.json,high,2026-09-02
phra-rahu,kind,,พระราหู,phra rahu,Phra Rahu (the eclipse-swallower),thep_thewada,เทพ / เทวดา,deva,veneration,medium,natural,kala|nuea_loha,khlaeo_khlat|chok_lap|khum_khrong,th-central|th,,ตำราสร้างเครื่องรางของขลัง (ไม่ระบุผู้แต่ง),Undated treatise,ราหูอมจันทร์ แกะจากกะลามะพร้าวตาเดียวเป็นหลัก — เครื่องแก้เคล็ดทางโหราศาสตร์ของผู้ที่อยู่ในช่วงพระราหูเสวยอายุ เป็นเทพที่บูชา ไม่ใช่ผีที่เลี้ยง,"Rahu swallowing the moon, classically carved into a one-eyed coconut shell — the astrological remedy worn by those in a Rahu period. This site's almanac pages keep the sky half of the story.",384,139.0,phra-rahu/phra-rahu-phra-rahu-3bad80.gif,Public domain,https://wichaa.net/amulets/kind/phra-rahu/,https://wichaa.net/amulets/api/kind/phra-rahu.json,high,2026-09-02
phra-rot,kind,,พระรอด,phra rot,Phra Rod (Lamphun votive tablet),phra_khrueang,พระเครื่อง,none,none,low,tablet,nuea_din,khlaeo_khlat|khong_kraphan|metta_maha_niyom,th-north,วัดมหาวันวนาราม ลำพูน,ตำนานผูกกับพระนางจามเทวีและฤๅษีผู้สร้างเมือง,"Hariphunchai period, late Dvaravati; the oldest of the Benjaphakhi five per Thai Wikipedia",พระพิมพ์ดินเผาองค์เล็กจากกรุวัดมหาวัน ลำพูน องค์พระนั่งสมาธิในวงใบโพธิ์ เก่าที่สุดในชุดเบญจภาคี ชื่อ “รอด” คือรอดพ้นภัย ไม่มีผู้ใดสถิตอยู่ในองค์พระ,"A small fired-clay tablet from the cache at Wat Mahawan, Lamphun: a seated Buddha inside a ring of bodhi leaves, the oldest of the Benjaphakhi five. The name means the one who escapes harm. Nobody is home.",27,100.0,phra-rot/phra-rot-benjapakee-39c238.png,CC BY-SA 4.0,https://wichaa.net/amulets/kind/phra-rot/,https://wichaa.net/amulets/api/kind/phra-rot.json,medium,2026-09-02
phra-siwali,kind,,พระสีวลี,phra siwali,Phra Siwali (the never-hungry monk),phra_khrueang,พระเครื่อง,none,none,low,figure,nuea_loha|thonglueang|nuea_phong,chok_lap|kha_khai|khlaeo_khlat|khum_khrong,th|mm|la,,ตำราสร้างเครื่องรางของขลัง (ไม่ระบุผู้แต่ง) — ตำราพระฉิมพลี,"The treatise claims descent from the reigns of Naresuan and Narai — its own claim, not a dated attestation",พระสีวลี พระอรหันต์ผู้เลิศทางลาภ — แบกไม้เท้า กลด และกาน้ำ — บูชาเพื่อให้ปัจจัยมาถึงทันเวลา รูปหล่อและจี้ บูชาอย่างพระเครื่องทั่วไป ไม่มีผู้อยู่,"The arahant who never lacked — staff over shoulder, umbrella and kettle — carried for provision that arrives on time. Statue and pendant, venerated as an ordinary amulet.",39,89.0,phra-siwali/phra-siwali-phra-sivali-thera-wat-ratcha-singkhon-01-cd07b1.jpg,CC BY-SA 4.0,https://wichaa.net/amulets/kind/phra-siwali/,https://wichaa.net/amulets/api/kind/phra-siwali.json,high,2026-09-02
phra-somdet,kind,,พระสมเด็จ,phra somdet,Phra Somdej,phra_khrueang,พระเครื่อง,none,none,low,tablet,nuea_phong|phong_phuttakhun,metta_maha_niyom|khlaeo_khlat|khum_khrong,th-central,วัดระฆังโฆสิตาราม,สมเด็จพระพุฒาจารย์ (โต พฺรหฺมรํสี),"Made across roughly 1812–1872, in three periods per Thai Wikipedia; the famous runs fall in the 1860s",แผ่นผงพุทธคุณอัดพิมพ์ทรงสี่เหลี่ยม มีองค์พระประทับนั่งในซุ้มครอบแก้ว เป็นพระเครื่องที่ถูกสร้างตามและสะสมมากที่สุด พลังอยู่ที่บารมีของผู้สร้างและการปลุกเสก ไม่มีผู้ใดสถิตอยู่ในองค์พระ,"A rectangular pressed tablet of sacred powder bearing a seated Buddha in an arch — the most copied, most collected amulet form there is. Power is the maker's barami and the consecration; nobody is home.",404,149.0,phra-somdet/phra-somdet-somdej-jpg-166702.jpg,CC BY-SA 4.0,https://wichaa.net/amulets/kind/phra-somdet/,https://wichaa.net/amulets/api/kind/phra-somdet.json,high,2026-09-02
phra-sum-ko,kind,,พระซุ้มกอ,phra sum ko,Phra Sum Ko (Kamphaeng Phet arched tablet),phra_khrueang,พระเครื่อง,none,none,low,tablet,nuea_din|nuea_waan,chok_lap|metta_maha_niyom|khlaeo_khlat,th-central,กรุทุ่งเศรษฐี นครชุม กำแพงเพชร (วัดพระบรมธาตุ วัดพิกุล และกรุใกล้เคียง),,"Sukhothai period; English Wikipedia dates the find at Wat Phra Borommathat Nakhon Chum to 1849, the year Thai Wikipedia gives for Somdej To's visit to the temple",พระพิมพ์ดินเผาจากกรุทุ่งเศรษฐี กำแพงเพชร องค์พระนั่งสมาธิในซุ้มโค้งรูปตัว ก ศิลปะสุโขทัย หายากที่สุดในเบญจภาคี วงการพูดว่า “มีกูไม่จน” ไม่มีผู้ใดสถิตอยู่,"A fired-clay tablet from the Thung Setthi caches at Kamphaeng Phet: a seated Buddha under an arch curved like the letter ก, in Sukhothai style. The rarest of the Benjaphakhi five. The trade's saying for it is 'have me and you will not be poor'. Nobody is home.",12,138.59,phra-sum-ko/phra-sum-ko-somkor-eeeb28.png,CC BY-SA 4.0,https://wichaa.net/amulets/kind/phra-sum-ko/,https://wichaa.net/amulets/api/kind/phra-sum-ko.json,medium,2026-09-02
pixiu,kind,,ปี่เซียะ,pixiu,Pixiu (wealth beast) pendant,,ยังไม่ชี้ขาด,,,,figure,thonglueang|thongdaeng,chok_lap|kha_khai|khum_khrong,diaspora|th|vn,,โรงงานหยกและโลหะ ร้านฮวงจุ้ย บางชิ้นผ่านพิธีเบิกเนตรที่ศาลเจ้า,Named in the Shangshu and the Shiji as a beast of war; Han-era stone tomb guardians survive; the pendant is modern,สัตว์ในตำนานจีน หัวมังกร ตัวสิงโต มีปีก เชื่อว่ากินทองแล้วไม่ถ่ายเพราะไม่มีรูทวาร จึงเป็นเครื่องรางเรียกทรัพย์และกันร้าย ทำเป็นจี้หยก กำไล แหวน และรูปตั้งคู่ ขายมากในตลาดไทย-จีน วิกิพีเดียไทยเรียก ปี่เซียะ ผีซิว เผ่ย์เย้า,"The Chinese wealth beast: dragon head, lion body, wings, and no anus, so gold goes in and never out. Worn as a jade pendant, bracelet or ring, or set as a pair at a shop door, it is one of the biggest sellers in Thai-Chinese retail under ปี่เซียะ. The vault's class vocabulary does not place it.",15,92.54,pixiu/pixiu-pixiu-monster-wat-hiranyawat-chiang-rai-c21164.jpg,CC0,https://wichaa.net/amulets/kind/pixiu/,https://wichaa.net/amulets/api/kind/pixiu.json,medium,2026-09-02
pla-taphian,kind,,ปลาตะเพียน,pla taphian,Pla taphian (carp charm),yantra_wattu,วัตถุมงคล (ยันต์),none,none,low,other,thongdaeng|ngoen|thongkham|naak,kha_khai|chok_lap|metta_maha_niyom,th-central,,ตำราสร้างเครื่องรางของขลัง (ไม่ระบุผู้แต่ง),"Undated treatise. English Wikipedia places the woven form in Ayutthaya, citing the Description of the Topography of Ayutthaya's mention of woven pla taphian sold on Ton Market street",ปลาตะเพียนคู่ตัดจากแผ่นโลหะบางลงยันต์ แขวนบูชาให้ซื้อง่ายขายดี ชื่อเดียวกับปลาสานใบลานที่แขวนเหนือเปลเด็กในงานฝีมืออยุธยา,"A pair of carp cut from thin metal sheet and inscribed, hung up so that buying is easy and selling brisk — sharing its name with the woven palm-leaf fish mobile hung over Ayutthaya cradles.",4,244.5,pla-taphian/pla-taphian-ayutthaya-palm-leave-fish-weaving-group-e93434.jpg,CC BY-SA 4.0,https://wichaa.net/amulets/kind/pla-taphian/,https://wichaa.net/amulets/api/kind/pla-taphian.json,medium,2026-09-02
prachiat,kind,,ผ้าประเจียด,pha prachiat,Prachiat (yantra head-cloth / armband),yantra_wattu,วัตถุมงคล (ยันต์),none,none,low,cloth,pha_yan,khong_kraphan|khlaeo_khlat|metta_maha_niyom|kan_phi,th,,แจกโดยพระเจ้าตากสิน (พ.ศ. ๒๓๑๒) และ ร.๑ (พ.ศ. ๒๓๒๘) แก่แม่ทัพนายกองและทหาร ตามวิกิพีเดีย; ครูอาจารย์ทำให้ศิษย์,Thonburi and early Bangkok periods by the cited dates; the practice is older than the record,ผ้าลงเลขยันต์ผืนเล็กที่ม้วนพันศีรษะ คอ หรือต้นแขน เชื่อว่ากันอันตราย แจกทหารตั้งแต่สมัยกรุงธนบุรี ปัจจุบันเห็นบนแขนนักมวย ไม่มีผู้อยู่ ไม่ต้องเลี้ยง,"A small inscribed cloth rolled and tied on the head, neck or upper arm against harm — given to soldiers from the Thonburi period, seen today on boxers' arms. Power in the inscription; nobody home.",1,199.0,prachiat/prachiat-wai-khru-ram-muay-1-head-023862.jpg,CC BY-SA 3.0,https://wichaa.net/amulets/kind/prachiat/,https://wichaa.net/amulets/api/kind/prachiat.json,high,2026-09-02
rajah,kind,,ราจาห์,rajah,Rajah (Javanese-Malay written talisman),yantra_wattu,วัตถุมงคล (ยันต์),none,none,low,other,,khum_khrong|khong_kraphan|maha_saneh|kha_khai,id|my,,กียาอี ดุกุน หรือผู้รู้ ilmu hikmah,"Islamic Java, carried through pesantren and the primbon almanacs",สูตรเขียนของชวา-มลายู: อักษรอาหรับ ตัวเลข ตารางวะฟัก และสัญลักษณ์ที่ผู้เขียนรู้ความหมาย ลงบนกระดาษ ผ้า หนัง โลหะ หรือผิวหนัง พลังอยู่ที่ตัวเขียนและผู้เขียน คือคู่ขนานของ “ยันต์” ในโลกอิสลาม,"The Javanese-Malay written formula: Arabic letters, numerals, a wafaq square and symbols meaningful to the writer, set on paper, cloth, skin, metal or the body. Power sits in the writing and the writer — the Islamic-world counterpart of the Thai yan, and the thing a jimat usually carries.",,,rajah/rajah-baju-rajah-syirik-e81a39.jpg,CC BY-SA 4.0,https://wichaa.net/amulets/kind/rajah/,https://wichaa.net/amulets/api/kind/rajah.json,low,2026-09-02
rian-kechi,kind,,เหรียญพระเกจิ,rian phra kechi,monk medallion,phra_khrueang,พระเครื่อง,none,none,low,medallion,thongdaeng|thonglueang|ngoen|thongkham|naak|nuea_loha,metta_maha_niyom|khlaeo_khlat|khum_khrong,th,,วัดและสำนักทั่วประเทศ ออกเป็นรุ่น,Mid-Rattanakosin to the present; the trade dates the struck-portrait form to the reign of Rama V,เหรียญโลหะปั๊มรูปเหมือนพระเกจิ มีชื่อ วัด และปีที่สร้าง ออกเป็นรุ่น เป็นพระเครื่องที่บอกอายุตัวเองชัดที่สุด ไม่มีผู้อยู่ พลังอยู่ที่บารมีของท่านและการปลุกเสก,"A struck coin-form medallion carrying a revered monk's portrait, name and temple, usually dated to the batch (รุ่น). The most datable of all forms — the coin itself says when.",163,89.0,rian-kechi/rian-kechi-1-1-d60a67.jpg,CC BY-SA 3.0,https://wichaa.net/amulets/kind/rian-kechi/,https://wichaa.net/amulets/api/kind/rian-kechi.json,medium,2026-09-02
rup-lersi,kind,,รูปพระฤๅษี,rup phra ruesi,Phra Lersi figure (the hermit-teacher),,ยังไม่ชี้ขาด,,,,figure,nuea_din|nuea_loha|thonglueang,khum_khrong,th,,ตำราสร้างเครื่องรางของขลัง (ไม่ระบุผู้แต่ง) ให้ ๓ วิธี,Undated treatise,รูปพระฤๅษีห่มหนังเสือ ครูของวิชาทั้งปวง บูชาในวันไหว้ครู ตำราในชุดนี้ให้วิธีปั้น: ดินยอดปลวกและใบไม้ ๗ อย่าง ปั้นเป็นพระมหาฤๅษี,"The tiger-skinned hermit sage — the tradition's own teacher-figure, honoured at every wai khru. A treatise in this corpus gives a moulding recipe: termite-mound earth and seven named leaves, shaped into the Great Lersi.",101,129.0,rup-lersi/rup-lersi-100-sage-and-tiger-9155370109-228e53.jpg,CC BY 2.0,https://wichaa.net/amulets/kind/rup-lersi/,https://wichaa.net/amulets/api/kind/rup-lersi.json,medium,2026-09-02
rup-lo,kind,,รูปหล่อ,rup lo,cast monk figure,phra_khrueang,พระเครื่อง,none,none,low,figure,nuea_loha|thonglueang|samrit|nawaloha|ngoen,metta_maha_niyom|khum_khrong|khlaeo_khlat,th,,วัดและสำนักทั่วประเทศ,Rattanakosin to the present,รูปพระสงฆ์นั่งสมาธิหล่อโลหะลอยองค์ คือญาติสามมิติของเหรียญ มีตั้งแต่ขนาดห้อยคอถึงตั้งบูชา พลังอยู่ที่บารมีของท่านและการปลุกเสก ไม่มีผู้อยู่,"A small cast statue of a monk seated in meditation — the medallion's three-dimensional cousin, from pendant size up to the altar.",89,98.0,,,https://wichaa.net/amulets/kind/rup-lo/,https://wichaa.net/amulets/api/kind/rup-lo.json,medium,2026-09-02
sai-sin,kind,,สายสิญจน์,sai sin,Sai sin (blessed cotton thread),yantra_wattu,วัตถุมงคล (ยันต์),none,none,low,other,,khum_khrong|kan_phi,th|la|kh,,,Undatable; older than any object in this catalogue,ด้ายฝ้ายดิบสีขาวที่พระถือขณะเจริญพระพุทธมนต์ วงรอบบ้าน พันองค์พระ แล้วตัดผูกข้อมือเป็นสิริมงคล ใช้ทั่วไทย ลาว เขมร ไม่มีผู้อยู่ ไม่ต้องเลี้ยง,"Raw white cotton thread held by the monks during paritta chanting, run round a house or a Buddha image, then cut and tied at the wrist as a blessing. Thai, Lao and Khmer alike; the chant is the power, nobody is home.",39,95.0,sai-sin/sai-sin-buddhist-monk-gives-blessed-string-brace-981e71.jpg,CC BY-SA 4.0,https://wichaa.net/amulets/kind/sai-sin/,https://wichaa.net/amulets/api/kind/sai-sin.json,high,2026-09-02
salika,kind,,สาลิกา,salika,Salika (golden-tongued myna),yantra_wattu,วัตถุมงคล (ยันต์),none,none,low,figure,thongkham|nuea_loha,metta_maha_niyom|maha_saneh|kha_khai,th-central|th,,ตำราสร้างเครื่องรางของขลัง (ไม่ระบุผู้แต่ง),Undated treatise; one recipe fixes the inscribing to the full-moon Monday of the twelfth lunar month,นกสาลิกาคู่แห่งวาจาไพเราะ พ่อค้า คนจีบ และใครก็ตามที่ต้องให้คนเชื่อพกไว้ มักเป็นนกคู่เล็กโลหะหรือไม้ หรือยันต์รูปนก ดัชนียันต์ที่นี่มีลาย,"The paired myna birds of sweet speech — carried by sellers, suitors and anyone who must be believed. Usually a small couple of birds in metal or wood, or the yantra of them; the yant index here draws the design.",128,169.0,,,https://wichaa.net/amulets/kind/salika/,https://wichaa.net/amulets/api/kind/salika.json,high,2026-09-02
si-phueng,kind,,สีผึ้ง,si phueng,Charm wax (lip-wax),,ยังไม่ชี้ขาด,,,,wax,,maha_saneh|metta_maha_niyom|maha_laluai,th-central|th,,ตำราสร้างเครื่องรางของขลัง (ไม่ระบุผู้แต่ง) — ๑๔ ตำรับ,Undated treatise,ขี้ผึ้งหุงในตลับเล็ก แตะปากหรือหน้าผากก่อนพูด ขาย หรือจีบ ตำรามี ๑๔ ตำรับเสน่ห์ ของในตลับเป็นอะไรขึ้นกับมือใครหุง,"A wax or balm in a small tin, touched to lips or brow before speaking, selling, courting. The corpus's formulary holds attraction-wax recipes; what a given pot is depends on whose hands made it.",238,149.0,,,https://wichaa.net/amulets/kind/si-phueng/,https://wichaa.net/amulets/api/kind/si-phueng.json,high,2026-09-02
somdet-chitralada,variant,phra-somdet,พระสมเด็จจิตรลดา,phra somdet chitralada,Phra Somdej Chitralada (the royal somdej),phra_khrueang,พระเครื่อง,none,none,low,tablet,nuea_phong|phong_phuttakhun|kesa,khum_khrong|khlaeo_khlat,th-central,,พระบาทสมเด็จพระบรมชนกาธิเบศร มหาภูมิพลอดุลยเดชมหาราช (รัชกาลที่ ๙) ทรงกดพิมพ์ด้วยพระหัตถ์,BE 2508–2513 (1965–1970),พระสมเด็จทรงสามเหลี่ยมที่รัชกาลที่ ๙ ทรงสร้างและกดพิมพ์ด้วยพระหัตถ์ พระราชทานแก่ทหาร ตำรวจ ข้าราชการ และประชาชน ระหว่าง พ.ศ. ๒๕๐๘–๒๕๑๓ พร้อมเอกสารกำกับ,"The triangular somdej King Rama IX made and hand-pressed at Chitralada, given between 1965 and 1970 to soldiers, police, officials and civilians, each with a certificate.",3,96.91,somdet-chitralada/somdet-chitralada-phra-somdej-jitlada-buddha-8cc277.jpg,CC BY 3.0,https://wichaa.net/amulets/kind/somdet-chitralada/,https://wichaa.net/amulets/api/kind/somdet-chitralada.json,high,2026-09-02
suea-yan,kind,,เสื้อยันต์,suea yan,Suea yan (yantra shirt),yantra_wattu,วัตถุมงคล (ยันต์),none,none,low,cloth,pha_yan,khong_kraphan|khlaeo_khlat|maha_ut,th,,,th.wikipedia dates prachiat distribution to soldiers to King Taksin (B.E. 2312) and Rama I (B.E. 2328); the shirt is those cloths sewn up. No dated shirt named.,เสื้อที่เขียนหรือพิมพ์ยันต์เต็มตัว แบบเก่าเย็บจากผ้าประเจียดผืนเล็กหลายผืน สวมออกศึกหรือขึ้นชก เชื่อว่าคงกระพันแคล้วคลาด ไม่มีผู้อยู่,"A shirt inscribed with yantra all over — in the old form, small prachiat cloths sewn into a garment — worn into battle or the ring for invulnerability and evasion. Power in the inscription; nobody home.",10,259.0,suea-yan/suea-yan-siam-society-bangkok-2017-07-25-079-d4fe47.jpg,CC0,https://wichaa.net/amulets/kind/suea-yan/,https://wichaa.net/amulets/api/kind/suea-yan.json,medium,2026-09-02
susuk,kind,,เข็มฝัง,susuk,Susuk (charm needles implanted under the skin),,ยังไม่ชี้ขาด,,,,other,thongkham|ngoen,maha_saneh|metta_maha_niyom|khong_kraphan,my|id|sg,,โบโมะห์ / ดุกุน ฝังพร้อมคาถา น้ำมัน และคำสั่งให้ปิดเป็นความลับ,First radiographic report 1928 (en.wikipedia); id.wikipedia holds the practice came to Indonesia from Malaysia,เข็มทอง เงิน หรือเพชรที่โบโมะห์ฝังใต้ผิวหนัง — มักที่คางหรือแก้ม — เพื่อความงาม เสน่ห์ บารมี หรือความคงกระพัน มองไม่เห็น เห็นในเอกซเรย์ อิสลามถือว่าฮะรอม ผู้ฝังถือข้อห้ามและเชื่อว่าต้องถอดก่อนตาย,"Gold, silver or diamond needles a bomoh sets under the skin — chin and cheeks most often — for beauty, allure, presence or invulnerability. Invisible except on a radiograph. Islam rules it haram; the wearer keeps food taboos and holds that the needles must come out before death.",,,,,https://wichaa.net/amulets/kind/susuk/,https://wichaa.net/amulets/api/kind/susuk.json,medium,2026-09-02
takrut,kind,,ตะกรุด,takrut,Takrut (inscribed scroll-tube),yantra_wattu,วัตถุมงคล (ยันต์),none,none,low,tube,nuea_loha|thongkham|ngoen|naak|takua|thongdaeng,khong_kraphan|khlaeo_khlat|kha_khai|metta_maha_niyom|maha_saneh|kan_phi,th-central|th,,ตำราสร้างเครื่องรางของขลัง (ไม่ระบุผู้แต่ง) มีบทที่ระบุว่าเป็นของสมเด็จพระวันรัต (แดง) และหลวงปู่บุญ วัดกลางบางแก้ว,"Undated treatise. English Wikipedia calls the takrut the most-mentioned amulet in Khun Chang Khun Phaen and puts its Buddhist form at roughly the 13th century, uncited",แผ่นโลหะ ใบลาน หรือหนัง ลงยันต์แล้วม้วนแน่น ร้อยเชือกคาดเอวหรือห้อยคอ อานุภาพอยู่ที่อักขระและพิธีที่ปิดผนึก ไม่มีผู้ใดสถิต ตำราในคลังนี้เต็มไปด้วยสิ่งที่เขียนไว้ข้างใน,"A sheet of metal — or palm-leaf, or skin — inscribed with a yantra and rolled tight, worn on a cord at the waist or neck. Power lives in the inscription and the rite that closed it. The treatises this site keeps are full of what gets written inside.",746,159.0,takrut/takrut-yan-takrut-thai-19th-century-yantra-and-3759b4.png,Public domain,https://wichaa.net/amulets/kind/takrut/,https://wichaa.net/amulets/api/kind/takrut.json,high,2026-09-02
tangkal,kind,,เครื่องรางมลายู,tangkal,"Tangkal (Malay protective charm, any form)",,ยังไม่ชี้ขาด,,,,other,,khum_khrong|kan_phi,my|id|sg,,โบโมะห์ / ปะวัง หรือทำเองในครัวเรือน,Folk practice older than Islam in the region and continuing beside it,คำมลายูสำหรับของกันภัยทุกชนิด — จากด้ายดำผูกข้อมือถึงกิ่งหนามแขวนประตู — คำนี้บอกหน้าที่ (ตังกัล = ปัดออก) ไม่บอกรูป ถ้ามีตัวเขียนก็เป็นจิมัตด้วย,"The Malay word for any object that wards — from a black thread on the wrist to a thorny branch over the door. It names a job (menangkal, to turn aside), not a form, which is why Malay Wikipedia files it with azimat and everyday speech keeps them apart: jimat is carried for luck, tangkal is set against a threat.",,,,,https://wichaa.net/amulets/kind/tangkal/,https://wichaa.net/amulets/api/kind/tangkal.json,low,2026-09-02
thao-wessuwan,kind,,ท้าวเวสสุวรรณ,thao wetsuwan,Thao Wessuwan (guardian-king of the yaksha),thep_thewada,เทพ / เทวดา,deva,veneration,medium,figure,nuea_loha|thonglueang|nuea_din,kan_phi|khum_khrong|kha_khai,th-central|th,,,"An old Buddhist guardian figure; as a mass-market amulet the surge dates to about 2022, when the large statue at Wat Chulamani, Samut Songkhram, became a phenomenon",ท้าวเวสสุวรรณ ราชาแห่งยักษ์ ผู้รักษาทิศเหนือ มือกุมกระบอง — รูปหล่อ จี้ และแผ่นติดประตู เป็นเทพที่บูชาผ่านวัตถุ ถวายเครื่องสักการะและความเคารพ ไม่ใช่ผีที่ต้องเลี้ยงข้าว,"The northern guardian-king of the yaksha, club in hand — statue, pendant and gate-plaque. A deva venerated through the object: offerings and respect, not meals.",492,96.5,thao-wessuwan/thao-wessuwan-wat-suthat-2f5017.jpg,CC BY-SA 4.0,https://wichaa.net/amulets/kind/thao-wessuwan/,https://wichaa.net/amulets/api/kind/thao-wessuwan.json,high,2026-09-02
tua-pek-kong,kind,,ตั่วแปะกง,Tua Pek Kong,Tua Pek Kong medallion,thep_thewada,เทพ / เทวดา,deva,veneration,medium,medallion,,kha_khai|chok_lap|khum_khrong,my|sg|th|id|vn|diaspora,,ศาลเจ้าตั่วแปะกงในปีนัง สิงคโปร์ มาเลเซีย อินโดนีเซีย และศาลเจ้าปึงเถ่ากงในไทย,"The Tanjung Tokong temple in Penang was established by 1792, the oldest site",เทพผู้คุ้มครองของชาวจีนโพ้นทะเลในปีนัง สิงคโปร์ มาเลเซีย อินโดนีเซีย และบางส่วนของไทย รูปชายชราเครายาวถือไม้เท้าและก้อนทอง ทำเป็นเหรียญห้อยคอและรูปตั้งบูชา ให้ค้าขายรุ่งเรืองและปลอดภัย เป็นเทพที่บูชาผ่านวัตถุ ไม่ใช่ผี ในไทยญาติใกล้คือปึงเถ่ากง,"The tutelary god of Southeast Asian Chinese communities, 'Grand Uncle': an old bearded man with staff and ingot, worn as a temple medallion or kept as an altar figure for trade and safety. A deva-tier resident venerated through the object, in the vault's sense, not a raised spirit. Thailand's Pun Thao Kong (本頭公) is the near relative.",,,tua-pek-kong/tua-pek-kong-tekka-centre-tua-pek-kong-shrine-a14678.jpg,CC BY-SA 4.0,https://wichaa.net/amulets/kind/tua-pek-kong/,https://wichaa.net/amulets/api/kind/tua-pek-kong.json,medium,2026-09-02
waan,kind,,ว่าน,waan,Waan (sacred tuber),khong_thammachat,เครื่องรางธรรมชาติ,none,none,low,plant,nuea_waan,metta_maha_niyom|maha_saneh|chok_lap,th|th-north,,,Undated; the treatise assumes ว่าน as a stock ingredient throughout,ว่านคือพืชมีฤทธิ์ — หัวหรือเหง้าที่ปลูก ตากแห้ง แกะ หรือใส่กระถาง คุณอยู่ที่ชนิดและการเลี้ยง เป็นชนิดเดียวในหน้านี้ที่ยังมีชีวิตได้ บางคนรดน้ำให้,"A plant of power — a rhizome or tuber grown, dried, carved or potted, its virtue in the species and the keeping. The one kind on this page that can still be alive; some keepers water theirs.",341,149.0,waan/waan-jpg-dc92ca.jpg,CC BY-SA 3.0,https://wichaa.net/amulets/kind/waan/,https://wichaa.net/amulets/api/kind/waan.json,medium,2026-09-02
waen-phirot,kind,,แหวนพิรอด,waen phirot,Phirot ring (plaited yantra ring),yantra_wattu,วัตถุมงคล (ยันต์),none,none,low,ring,,khong_kraphan|khlaeo_khlat|chang_ngang|metta_maha_niyom,th-central|th,วัดประดู่โรงธรรม (วัดประดู่ทรงธรรม) อยุธยา,พระอุปัชฌาย์ม่วง (หลวงพ่อม่วง) วัดประดู่โรงธรรม,th.wikipedia says King Rama V praised Luang Pho Muang's rings in his own writing; the treatise is undated,แหวนที่ถักจากแถบกระดาษ ผ้า หรือด้ายซึ่งลงยันต์และเสกแล้ว ขมวดปลายเป็นหัวพิรอด สวมนิ้วหรือรัดแขน เชื่อกันว่าอยู่คงแคล้วคลาด ไม่มีผู้อยู่ ไม่ต้องเลี้ยง,"A ring plaited from an inscribed, consecrated strip of paper, cloth or thread, its ends worked into the phirot knot, worn on a finger or the upper arm for invulnerability and evasion. Power in the inscription and the rite; nobody home.",62,289.0,,,https://wichaa.net/amulets/kind/waen-phirot/,https://wichaa.net/amulets/api/kind/waen-phirot.json,high,2026-09-02
wua-thanu,kind,,วัวธนู,wua thanu,Wua thanu (guardian bull),hun_phayon,หุ่นพยนต์,animated,veneration,medium,figure,nuea_din,khum_khrong|kan_phi,th-central|th,,ตำราสร้างเครื่องรางของขลัง (ไม่ระบุผู้แต่ง),Undated treatise; Thai Wikipedia ties the buffalo form to rice-farming animism without a date,รูปวัวหรือควายที่สาน ปั้น หรือหล่อ แล้วปลุกด้วยคาถาให้เฝ้าบ้าน ตำราให้ทำโรงให้อยู่ บอกความประสงค์ และเลี้ยงด้วยหญ้าและน้ำอย่างสัตว์เป็น ผู้ร้ายเข้ามาให้ชน,"A bull or buffalo figure — woven, moulded or cast — woken by katha to guard the house. The treatise gives it a shed, tells it what is wanted, and feeds it grass and water like a living beast; intruders are to be gored.",1,79.0,,,https://wichaa.net/amulets/kind/wua-thanu/,https://wichaa.net/amulets/api/kind/wua-thanu.json,medium,2026-09-02
yan-lanna,kind,,ยันต์ล้านนา,yan lanna,Lanna yantra (Tai Tham script),yantra_wattu,วัตถุมงคล (ยันต์),none,none,low,cloth,pha_yan,khum_khrong|metta_maha_niyom|kan_phi,th-north,,ครูบาและพ่อหนานล้านนา,Continues the palm-leaf manuscript tradition written in Tai Tham; script use in the north declined after 1930s Thaification and is reviving,ยันต์ของภาคเหนือ เขียนด้วยอักษรธรรมล้านนา (ตัวเมือง) บนผ้า เทียน หรือแผ่นโลหะ อำนาจอยู่ที่อักขระและพิธี ไม่มีผู้อยู่ ลายยันต์จากตำรามีดัชนีที่ wichaa.net/yant,"The northern yantra: grids, rings and figures written in Tai Tham (ตัวเมือง) script on cloth, in candles, or on metal. Power sits in the inscription and the rite, nobody home. The drawn designs from the treatises have their own index at wichaa.net/yant.",0,,yan-lanna/yan-lanna-wat-ku-daeng-palm-leaf-manuscript-b051d1.jpg,CC0,https://wichaa.net/amulets/kind/yan-lanna/,https://wichaa.net/amulets/api/kind/yan-lanna.json,medium,2026-09-02
